Username,Password,Account,ProfileId,ClientReferenceId,GivenName,MiddleName,FamilyName,MaidenName,GovernmentId(SSN),DateOfBirth,Gender,GovernmentId(DMV),State,ValidTo,ContactEmailAddress,ContactPhoneNumber,CurrentAddressCountry,CurrentAddressLine1,CurrentAddressLine2,CurrentAddressMunicipality,CurrentAddressRegion,CurrentAddressPostalCode,UDF1,UDF2,UDF3,ERRDES
,,,,650921,test,test,test,test,234123679,8/22/1994,Male,1234567,FL,,Anand.Unnikrishnan@sterlingts.com,8956895240,USA,19770 Yvonne Dr,,Macomb,MI,48044,A,B,C,
,,,bkufmh7,885953,profile id test,,invalid other client id,,656589663,7/16/1987,m,485985628,CO,,Anand.Unnikrishnan@sterlingts.com,8956895240,USA,19770 Yvonne Dr,,Macomb,MI,48044,A,B,C,Invalid promo code for client: bkufmh7
,,,swtwnww,885954,profile id test,,invalid not client pays all,,656589664,7/17/1987,f,485985628,CO,,Anand.Unnikrishnan@sterlingts.com,8956895241,USA,9475 Crumps Mill Road,,Quinton,VA,23141,A,B,C,Promo code is not client pays all: swtwnww
,,,fpfkrc6,885955,profile id test,,invalid not client order drp down list,,656589665,7/18/1987,u,485985628,CO,,Anand.Unnikrishnan@sterlingts.com,8956895242,USA,1759 Juniper Dr.,,Conway,SC,29526,A,B,C,Promo code is not client orderable: fpfkrc6
,,,bfjnvd4,885956,,Given nm blank,Invalid one,,895850008,1/4/1987,m,485985628,CO,,Anand.Unnikrishnan@sterlingts.com,8108109506,USA,4411 East 4th Street,#4,Long Beach,CA,90804,A,B,C,Given name must have a value.
,,,bfjnvd4,885957,morethanthirtycharactersqwertyu,Given nm more thn thirty,Invalid two,,895850009,1/5/1987,f,485985628,CO,,Anand.Unnikrishnan@sterlingts.com,8108109507,USA,24 redwood dr,,Richboro,PA,18954,A,B,C,Given name must not exceed 30 characters.
,,,bfjnvd4,885958,123test,Given nm invalid,Invalid three,,895850010,1/6/1987,u,485985628,CO,,Anand.Unnikrishnan@sterlingts.com,8108109508,USA,3928 Mill Run Ct.,,Toledo,OH,43623,A,B,C,Given name must consist only of letters spaces hyphens and apostrophes.
,,,bfjnvd4,885959,!@#$%^&*()_+  test,Given nm invalid,Invalid four,,895850011,1/7/1987,,485985628,CO,,Anand.Unnikrishnan@sterlingts.com,8108109509,USA,1655 Valley Lane,,Fullerton,CA,92833,A,B,C,Given name must consist only of letters spaces hyphens and apostrophes.
,,,bfjnvd4,885960,Middle nm invalid,12test,Invalid one,,895850016,1/12/1987,f,485985628,CO,,Anand.Unnikrishnan@sterlingts.com,8108109514,USA,107 Overlook Dr,,Loveland,OH,45140,A,B,C,Middle name must consist only of letters spaces hyphens and apostrophes.
,,,bfjnvd4,885961,Middle nm more thn thirty,morethanthirtycharactersqwertyu,Invalid two,,895850017,1/13/1987,u,485985628,CO,,Anand.Unnikrishnan@sterlingts.com,8108109515,USA,650 Hartford St.,P.O. Box 112,Trubull,NE,68980,A,B,C,Middle name must not exceed 30 characters.
,,,bfjnvd4,885962,Middle nm invalid,123test,Invalid three,,895850018,1/14/1987,M,485985628,CO,,Anand.Unnikrishnan@sterlingts.com,8108109516,USA,2368 La Granada drive,,Thousand oaks,CA,91362,A,B,C,Middle name must consist only of letters spaces hyphens and apostrophes.
,,,bfjnvd4,885963,Middle nm invalid,!@#$%^&*()_+  test,Invalid four,,895850019,1/15/1987,F,485985628,CO,,Anand.Unnikrishnan@sterlingts.com,8108109517,USA,10600 Wilshire Blvd.,,Los Angeles,CA,90024,A,B,C,Middle name must consist only of letters spaces hyphens and apostrophes.
,,,bfjnvd4,885964,Family nm blank,,,,895850024,1/20/1987,u,485985628,CO,,Anand.Unnikrishnan@sterlingts.com,8108109522,USA,6904 Bartlett Rd,,Louisville,KY,40218,A,B,C,Family name must have a value.
,,,bfjnvd4,885965,Family nm more thn forty,,morethanfortycharactersqwertyugdfhsgghuth,,895850025,1/21/1987,,485985628,CO,,Anand.Unnikrishnan@sterlingts.com,8108109523,USA,282 County Line Road,,Bridgeville,PA,15017,A,B,C,Family name must not exceed 40 characters.
,,,bfjnvd4,885966,Family nm invalid,test,123test,,895850026,1/22/1987,Male,485985628,CO,,Anand.Unnikrishnan@sterlingts.com,8108109524,USA,241 Avocado St,30,Costa Mesa,CA,92627,A,B,C,Family name must consist only of letters spaces hyphens and apostrophes.
,,,bfjnvd4,885967,Family nm invalid,,!@#$%^&*()_+  test,,895850027,1/23/1987,Female,485985628,CO,,Anand.Unnikrishnan@sterlingts.com,8108109525,USA,1983 Tanglewood dr,,snellville,GA,30078,A,B,C,Family name must consist only of letters spaces hyphens and apostrophes.
,,,bfjnvd4,885968,SSN test req Invalid,level three,ssn blank,,,1/28/1987,M,485985628,CO,,Anand.Unnikrishnan@sterlingts.com,8108109530,USA,11385 sw Erste pl,,Tigard,OR,97223,A,B,C,GovernmentId(SSN) must have a value.
,,,uein30g,885969,SSN test req Invalid,lone ssn,ssn blank,,,1/29/1987,F,485985628,CO,,Anand.Unnikrishnan@sterlingts.com,8108109531,USA,1066 Donaldson Way,,American Canyon,CA,94503,A,B,C,GovernmentId(SSN) must have a value.
,,,bja924j,885970,SSN test req Invalid,ltwo ssn,ssn blank,,,1/30/1987,F,485985628,CO,,Anand.Unnikrishnan@sterlingts.com,8108109532,USA,1796 Fairgrounds Road,,Central City,NE,68826,A,B,C,GovernmentId(SSN) must have a value.
,,,bfjnvd4,885971,SSN test req Invalid,level three,ssn more than nine,,4859856201,2/6/1987,Female,485985628,CO,,Anand.Unnikrishnan@sterlingts.com,8108109539,USA,2605 Wheatland Drive,,Norman,OK,73071,A,B,C,GovernmentId(SSN) must not exceed 9 characters and consist of only numbers
,,,uein30g,885972,SSN test req Invalid,lone ssn,ssn more than nine,,89562562369,2/7/1987,U,485985628,CO,,Anand.Unnikrishnan@sterlingts.com,8108109540,USA,2509 Livingston Ln.,,Grand Prairie,TX,75052,A,B,C,GovernmentId(SSN) must not exceed 9 characters and consist of only numbers
,,,bja924j,885973,SSN test req Invalid,ltwo ssn,ssn more than nine,,4859856201,2/8/1987,m,485985628,CO,,Anand.Unnikrishnan@sterlingts.com,8108109541,USA,216 Old Farm Lane,,Irmo,SC,29063,A,B,C,GovernmentId(SSN) must not exceed 9 characters and consist of only numbers
,,,fz3xi40,885974,SSN test req Invalid,lone locator,ssn more than nine,,4859856201,2/9/1987,f,485985628,CO,,Anand.Unnikrishnan@sterlingts.com,8108109542,USA,1919 Sage Grouse Lane,,Colorado Springs,CO,80951,A,B,C,GovernmentId(SSN) must not exceed 9 characters and consist of only numbers
,,,tak9ct1,885975,SSN test req Invalid,ltwo locator,ssn more than nine,,89562562369,2/10/1987,u,485985628,CO,,Anand.Unnikrishnan@sterlingts.com,8108109543,USA,44058 Countryside Dr.,,Lancaster,CA,93536,A,B,C,GovernmentId(SSN) must not exceed 9 characters and consist of only numbers
,,,xqdxsti,885976,SSN test req Invalid,lthree ssn,ssn more than nine,,4859856201,2/11/1987,M,485985628,CO,,Anand.Unnikrishnan@sterlingts.com,8108109544,USA,14 McLean,,Irvine,CA,92620,A,B,C,GovernmentId(SSN) must not exceed 9 characters and consist of only numbers
,,,uein30g,885977,SSN test req Invalid,lone ssn locator mvr oig ,ssn more than nine,,89562562369,2/12/1987,F,485985628,CO,,Anand.Unnikrishnan@sterlingts.com,8108109545,USA,2465 Encinal Dr.,,Walnut Creek,CA,94597,A,B,C,GovernmentId(SSN) must not exceed 9 characters and consist of only numbers
,,,yucbj0y,885978,SSN test req Invalid,ltwo ssn locator mvr oig ,ssn more than nine,,4859856201,2/13/1987,F,485985628,CO,,Anand.Unnikrishnan@sterlingts.com,8108109546,USA,PO Box 16246,,Denver,CO,80216,A,B,C,GovernmentId(SSN) must not exceed 9 characters and consist of only numbers
,,,swu36g7,885979,SSN test req Invalid,level one,ssn more than nine,,4859856201,2/14/1987,U,485985628,CO,,Anand.Unnikrishnan@sterlingts.com,8108109547,USA,1 Montour St,,Danville,PA,17821,A,B,C,GovernmentId(SSN) must not exceed 9 characters and consist of only numbers
,,,fvczo8h,885980,SSN test req Invalid,level two,ssn more than nine,,4859856201,2/15/1987,m,485985628,CO,,Anand.Unnikrishnan@sterlingts.com,8108109548,USA,350 Bernardsville Road,,Mendham,NJ,7945,A,B,C,GovernmentId(SSN) must not exceed 9 characters and consist of only numbers;Current Address Postal Code must consist of exactly 5 characters.;Current Address Postal Code must consist of exactly 5 numbers and cannot be 00000.
,,,cdk9jtu,885981,SSN test req Invalid,level one mvr oig ,ssn more than nine,,89562562369,2/16/1987,f,485985628,CO,,Anand.Unnikrishnan@sterlingts.com,8108109549,USA,495 Pennsylvania Ave #3,,brooklyn,NY,11207,A,B,C,GovernmentId(SSN) must not exceed 9 characters and consist of only numbers
,,,gtdxztb,885982,SSN test req Invalid,level two mvr oig ,ssn more than nine,,4859856201,2/17/1987,u,485985628,CO,,Anand.Unnikrishnan@sterlingts.com,8108109550,USA,1234 S Westgate Avenue,Apt 6,Los Angeles,CA,90025,A,B,C,GovernmentId(SSN) must not exceed 9 characters and consist of only numbers
,,,b9lwbco,885983,SSN test req Invalid,only MVR,ssn more than nine,,4859856201,2/18/1987,,485985628,CO,,Anand.Unnikrishnan@sterlingts.com,8108109551,USA,2718 SE 153rd Ave,,Portland,OR,97236,A,B,C,GovernmentId(SSN) must not exceed 9 characters and consist of only numbers
,,,bfjnvd4,885984,SSN test req Invalid,level three,ssn less than nine,,25890000,2/19/1987,Male,485985628,CO,,Anand.Unnikrishnan@sterlingts.com,8108109552,USA,1704 Oak St,,Otsego,MI,49078,A,B,C,GovernmentId(SSN) must not exceed 9 characters and consist of only numbers
,,,uein30g,885985,SSN test req Invalid,lone ssn,ssn less than nine,,258900,2/20/1987,Female,485985628,CO,,Anand.Unnikrishnan@sterlingts.com,8108109553,USA,585 W Iowa Ave,#11,Sunnyvale,CA,94086,A,B,C,GovernmentId(SSN) must not exceed 9 characters and consist of only numbers
,,,bja924j,885986,SSN test req Invalid,ltwo ssn,ssn less than nine,,25000,2/21/1987,U,485985628,CO,,Anand.Unnikrishnan@sterlingts.com,8108109554,USA,7140 Medicine Bow Ave,,Fountain,CO,80817,A,B,C,GovernmentId(SSN) must not exceed 9 characters and consist of only numbers
,,,fz3xi40,885987,SSN test req Invalid,lone locator,ssn less than nine,,2589000,2/22/1987,m,485985628,CO,,Anand.Unnikrishnan@sterlingts.com,8108109555,USA,2811 St. Maria Drive,,Mansfield,TX,76063,A,B,C,GovernmentId(SSN) must not exceed 9 characters and consist of only numbers
,,,tak9ct1,885988,SSN test req Invalid,ltwo locator,ssn less than nine,,5,2/23/1987,f,485985628,CO,,Anand.Unnikrishnan@sterlingts.com,8108109556,USA,143 Kelly Drivers Lane,,Clementon,NJ,80201,A,B,C,GovernmentId(SSN) must not exceed 9 characters and consist of only numbers
,,,xqdxsti,885989,SSN test req Invalid,lthree ssn,ssn less than nine,,258900,2/24/1987,u,485985628,CO,,Anand.Unnikrishnan@sterlingts.com,8108109557,USA,18 Ridings Way,,Chadds Ford,PA,19317,A,B,C,GovernmentId(SSN) must not exceed 9 characters and consist of only numbers
,,,uein30g,885990,SSN test req Invalid,lone ssn locator mvr oig ,ssn less than nine,,25000,2/25/1987,M,485985628,CO,,Anand.Unnikrishnan@sterlingts.com,8108109558,USA,1824B Wards Ferry Road,,Lynchburg,VA,24502,A,B,C,GovernmentId(SSN) must not exceed 9 characters and consist of only numbers
,,,yucbj0y,885991,SSN test req Invalid,ltwo ssn locator mvr oig ,ssn less than nine,,2589000,2/26/1987,F,485985628,CO,,Anand.Unnikrishnan@sterlingts.com,8108109559,USA,11 Asheville Springs Circle,,Asheville,NC,28806,A,B,C,GovernmentId(SSN) must not exceed 9 characters and consist of only numbers
,,,swu36g7,885992,SSN test req Invalid,level one,ssn less than nine,,5,2/27/1987,F,485985628,CO,,Anand.Unnikrishnan@sterlingts.com,8108109560,USA,1709 Hickory Tree Rd,,Balch Springs,TX,75180,A,B,C,GovernmentId(SSN) must not exceed 9 characters and consist of only numbers
,,,fvczo8h,885993,SSN test req Invalid,level two,ssn less than nine,,258900,2/28/1987,U,485985628,CO,,Anand.Unnikrishnan@sterlingts.com,8108109561,USA,164 Stratton Lane,,Mount Laurel,NJ,80504,A,B,C,GovernmentId(SSN) must not exceed 9 characters and consist of only numbers
,,,cdk9jtu,885994,SSN test req Invalid,level one mvr oig ,ssn less than nine,,25000,3/1/1987,m,485985628,CO,,Anand.Unnikrishnan@sterlingts.com,8108109562,USA,614 Grand Ave,Apt D,Saint Paul,MN,55102,A,B,C,GovernmentId(SSN) must not exceed 9 characters and consist of only numbers
,,,gtdxztb,885995,SSN test req Invalid,level two mvr oig ,ssn less than nine,,2589000,3/2/1987,f,485985628,CO,,Anand.Unnikrishnan@sterlingts.com,8108109563,USA,116 Southeast Trace,,Williamsburg,VA,23188,A,B,C,GovernmentId(SSN) must not exceed 9 characters and consist of only numbers
,,,b9lwbco,885996,SSN test req Invalid,only MVR,ssn less than nine,,5,3/3/1987,u,485985628,CO,,Anand.Unnikrishnan@sterlingts.com,8108109564,USA,563 Greenside,,Baird,TX,79504,A,B,C,GovernmentId(SSN) must not exceed 9 characters and consist of only numbers
,,,bfjnvd4,885997,SSN test req Invalid,level three,ssn not number,,5685dghy^,3/4/1987,,485985628,CO,,Anand.Unnikrishnan@sterlingts.com,8108109565,USA,9 Stoneham Road,,Collegeville,PA,19426,A,B,C,GovernmentId(SSN) must not exceed 9 characters and consist of only numbers
,,,uein30g,885998,SSN test req Invalid,lone ssn,ssn not number,,5685dghy^,3/5/1987,Male,485985628,CO,,Anand.Unnikrishnan@sterlingts.com,8108109566,USA,4523 Mitchell Street,,Philadelphia,PA,19128,A,B,C,GovernmentId(SSN) must not exceed 9 characters and consist of only numbers
,,,bja924j,885999,SSN test req Invalid,ltwo ssn,ssn not number,,test45%h,3/6/1987,Female,485985628,CO,,Anand.Unnikrishnan@sterlingts.com,8108109567,USA,630 Kreamer Ave,,Lewisburg,PA,17837,A,B,C,GovernmentId(SSN) must not exceed 9 characters and consist of only numbers
,,,fz3xi40,886000,SSN test req Invalid,lone locator,ssn not number,,test ghy,3/7/1987,U,485985628,CO,,Anand.Unnikrishnan@sterlingts.com,8108109568,USA,109 Schoolhouse Dr,,Milford,PA,18337,A,B,C,GovernmentId(SSN) must not exceed 9 characters and consist of only numbers
,,,tak9ct1,886001,SSN test req Invalid,ltwo locator,ssn not number,,t56bhyuji,3/8/1987,m,485985628,CO,,Anand.Unnikrishnan@sterlingts.com,8108109569,USA,630 Kreamer Ave,,Lewisburg,PA,17837,A,B,C,GovernmentId(SSN) must not exceed 9 characters and consist of only numbers
,,,xqdxsti,886002,SSN test req Invalid,lthree ssn,ssn not number,,5685dghy^,3/9/1987,f,485985628,CO,,Anand.Unnikrishnan@sterlingts.com,8108109570,USA,651 Washington Avenue Apt # 5R,,Brooklyn,NY,11238,A,B,C,GovernmentId(SSN) must not exceed 9 characters and consist of only numbers
,,,uein30g,886003,SSN test req Invalid,lone ssn locator mvr oig ,ssn not number,,5685dghy^,3/10/1987,u,485985628,CO,,Anand.Unnikrishnan@sterlingts.com,8108109571,USA,118 Ashbrook Trl,,Farmersville,OH,45325,A,B,C,GovernmentId(SSN) must not exceed 9 characters and consist of only numbers
,,,yucbj0y,886004,SSN test req Invalid,ltwo ssn locator mvr oig ,ssn not number,,test45%h,3/11/1987,M,485985628,CO,,Anand.Unnikrishnan@sterlingts.com,8108109572,USA,4002 Bay Hill Drive,,Abilene,TX,79606,A,B,C,GovernmentId(SSN) must not exceed 9 characters and consist of only numbers
,,,swu36g7,886005,SSN test req Invalid,level one,ssn not number,,test ghy,3/12/1987,F,485985628,CO,,Anand.Unnikrishnan@sterlingts.com,8108109573,USA,114 S Oxford Ave,Apt 310,Los Angeles,CA,90004,A,B,C,GovernmentId(SSN) must not exceed 9 characters and consist of only numbers
,,,fvczo8h,886006,SSN test req Invalid,level two,ssn not number,,t56bhyuji,3/13/1987,F,485985628,CO,,Anand.Unnikrishnan@sterlingts.com,8108109574,USA,7605 Malamute Dr,,Evergreen,CO,80439,A,B,C,GovernmentId(SSN) must not exceed 9 characters and consist of only numbers
,,,cdk9jtu,886007,SSN test req Invalid,level one mvr oig ,ssn not number,,5685dghy^,3/14/1987,U,485985628,CO,,Anand.Unnikrishnan@sterlingts.com,8108109575,USA,1121 Dorset Drive,,West Chester,PA,19382,A,B,C,GovernmentId(SSN) must not exceed 9 characters and consist of only numbers
,,,gtdxztb,886008,SSN test req Invalid,level two mvr oig ,ssn not number,,5685dghy^,3/15/1987,m,485985628,CO,,Anand.Unnikrishnan@sterlingts.com,8108109576,USA,761 Swallow Tail Lane,,Breinigsville,PA,18031,A,B,C,GovernmentId(SSN) must not exceed 9 characters and consist of only numbers
,,,b9lwbco,886009,SSN test req Invalid,only MVR,ssn not number,,test45%h,3/16/1987,f,485985628,CO,,Anand.Unnikrishnan@sterlingts.com,8108109577,USA,429 Bellflower Road,,Langhorne,PA,19047,A,B,C,GovernmentId(SSN) must not exceed 9 characters and consist of only numbers
,,,bfjnvd4,886010,SSN test req Invalid,level three,ssn all zero,,0,3/17/1987,u,485985628,CO,,Anand.Unnikrishnan@sterlingts.com,8108109578,USA,1810 McCay Ave.,,Boothwyn,PA,19061,A,B,C,GovernmentId(SSN) must not exceed 9 characters and consist of only numbers
,,,uein30g,886011,SSN test req Invalid,lone ssn,ssn all zero,,0,3/18/1987,,485985628,CO,,Anand.Unnikrishnan@sterlingts.com,8108109579,USA,1202 Central Parkway,,Deland,FL,32724,A,B,C,GovernmentId(SSN) must not exceed 9 characters and consist of only numbers
,,,bja924j,886012,SSN test req Invalid,ltwo ssn,ssn all zero,,0,3/19/1987,Male,485985628,CO,,Anand.Unnikrishnan@sterlingts.com,8108109580,USA,5818 jackson st,,phila,PA,19135,A,B,C,GovernmentId(SSN) must not exceed 9 characters and consist of only numbers
,,,fz3xi40,886013,SSN test req Invalid,lone locator,ssn all zero,,0,3/20/1987,Female,485985628,CO,,Anand.Unnikrishnan@sterlingts.com,8108109581,USA,3125 edgemont st,,phila,PA,19134,A,B,C,GovernmentId(SSN) must not exceed 9 characters and consist of only numbers
,,,tak9ct1,886014,SSN test req Invalid,ltwo locator,ssn all zero,,0,3/21/1987,U,485985628,CO,,Anand.Unnikrishnan@sterlingts.com,8108109582,USA,259 S Chocolay Ave,,Clawson,MI,48017,A,B,C,GovernmentId(SSN) must not exceed 9 characters and consist of only numbers
,,,xqdxsti,886015,SSN test req Invalid,lthree ssn,ssn all zero,,0,3/22/1987,m,485985628,CO,,Anand.Unnikrishnan@sterlingts.com,8108109583,USA,5920 Oxford st # 5,,Minneapolis,MN,55416,A,B,C,GovernmentId(SSN) must not exceed 9 characters and consist of only numbers
,,,uein30g,886016,SSN test req Invalid,lone ssn locator mvr oig ,ssn all zero,,0,3/23/1987,f,485985628,CO,,Anand.Unnikrishnan@sterlingts.com,8108109584,USA,742 Bush Place,,Paramus,NJ,76052,A,B,C,GovernmentId(SSN) must not exceed 9 characters and consist of only numbers
,,,yucbj0y,886017,SSN test req Invalid,ltwo ssn locator mvr oig ,ssn all zero,,0,3/24/1987,u,485985628,CO,,Anand.Unnikrishnan@sterlingts.com,8108109585,USA,2054 Lovoy Ct,,North Port,FL,34288,A,B,C,GovernmentId(SSN) must not exceed 9 characters and consist of only numbers
,,,swu36g7,886018,SSN test req Invalid,level one,ssn all zero,,0,3/25/1987,M,485985628,CO,,Anand.Unnikrishnan@sterlingts.com,8108109586,USA,1235 Darlene Court,,Redlands,CA,92374,A,B,C,GovernmentId(SSN) must not exceed 9 characters and consist of only numbers
,,,fvczo8h,886019,SSN test req Invalid,level two,ssn all zero,,0,3/26/1987,F,485985628,CO,,Anand.Unnikrishnan@sterlingts.com,8108109587,USA,14 Boatworks Drive,,Bayonne,NJ,7002,A,B,C,GovernmentId(SSN) must not exceed 9 characters and consist of only numbers;Current Address Postal Code must consist of exactly 5 characters.;Current Address Postal Code must consist of exactly 5 numbers and cannot be 00000.
,,,cdk9jtu,886020,SSN test req Invalid,level one mvr oig ,ssn all zero,,0,3/27/1987,F,485985628,CO,,Anand.Unnikrishnan@sterlingts.com,8108109588,USA,10069 Keystone Ct,,Alta Loma,CA,91737,A,B,C,GovernmentId(SSN) must not exceed 9 characters and consist of only numbers
,,,gtdxztb,886021,SSN test req Invalid,level two mvr oig ,ssn all zero,,0,3/28/1987,U,485985628,CO,,Anand.Unnikrishnan@sterlingts.com,8108109589,USA,1003 Clarence Woodis Rd,,Madisonville,KY,42431,A,B,C,GovernmentId(SSN) must not exceed 9 characters and consist of only numbers
,,,b9lwbco,886022,SSN test req Invalid,only MVR,ssn all zero,,0,3/29/1987,m,485985628,CO,,Anand.Unnikrishnan@sterlingts.com,8108109590,USA,502 W Myrtle St. #207,,Fort Collins,CO,80521,A,B,C,GovernmentId(SSN) must not exceed 9 characters and consist of only numbers
,,,bfjnvd4,886023,SSN test req Invalid,level three,ssn all nine,,999999999,3/30/1987,f,485985628,CO,,Anand.Unnikrishnan@sterlingts.com,8108109591,USA,1736 Staysail Dr,,Valrico,FL,33594,A,B,C,GovernmentId(SSN) must not exceed 9 characters and consist of only numbers
,,,uein30g,886024,SSN test req Invalid,lone ssn,ssn all nine,,999999999,3/31/1987,u,485985628,CO,,Anand.Unnikrishnan@sterlingts.com,8108109592,USA,3683 Springdale Drive,,Little River,SC,29566,A,B,C,GovernmentId(SSN) must not exceed 9 characters and consist of only numbers
,,,bja924j,886025,SSN test req Invalid,ltwo ssn,ssn all nine,,999999999,4/1/1987,,485985628,CO,,Anand.Unnikrishnan@sterlingts.com,8108109593,USA,5220 Swadley Street,,Wheat Ridge,CO,80033,A,B,C,GovernmentId(SSN) must not exceed 9 characters and consist of only numbers
,,,fz3xi40,886026,SSN test req Invalid,lone locator,ssn all nine,,999999999,4/2/1987,Male,485985628,CO,,Anand.Unnikrishnan@sterlingts.com,8108109594,USA,116 Crompton Rd,,Waynesboro,VA,22980,A,B,C,GovernmentId(SSN) must not exceed 9 characters and consist of only numbers
,,,tak9ct1,886027,SSN test req Invalid,ltwo locator,ssn all nine,,999999999,4/3/1987,Female,485985628,CO,,Anand.Unnikrishnan@sterlingts.com,8108109595,USA,PSC 809 Box 2543,,FPO,VA,22980,A,B,C,GovernmentId(SSN) must not exceed 9 characters and consist of only numbers
,,,xqdxsti,886028,SSN test req Invalid,lthree ssn,ssn all nine,,999999999,4/4/1987,U,485985628,CO,,Anand.Unnikrishnan@sterlingts.com,8108109596,USA,6419 Bequette avenue,,Pico Rivera,CA,90660,A,B,C,GovernmentId(SSN) must not exceed 9 characters and consist of only numbers
,,,uein30g,886029,SSN test req Invalid,lone ssn locator mvr oig ,ssn all nine,,999999999,4/5/1987,m,485985628,CO,,Anand.Unnikrishnan@sterlingts.com,8108109597,USA,2526 2nd ave.,,palm bay,FL,32905,A,B,C,GovernmentId(SSN) must not exceed 9 characters and consist of only numbers
,,,yucbj0y,886030,SSN test req Invalid,ltwo ssn locator mvr oig ,ssn all nine,,999999999,4/6/1987,f,485985628,CO,,Anand.Unnikrishnan@sterlingts.com,8108109598,USA,1649 Sunrise Lane,,Fullerton,CA,92833,A,B,C,GovernmentId(SSN) must not exceed 9 characters and consist of only numbers
,,,swu36g7,886031,SSN test req Invalid,level one,ssn all nine,,999999999,4/7/1987,u,485985628,CO,,Anand.Unnikrishnan@sterlingts.com,8108109599,USA,5220 Swadley St,,Wheat Ridge,CO,80033,A,B,C,GovernmentId(SSN) must not exceed 9 characters and consist of only numbers
,,,fvczo8h,886032,SSN test req Invalid,level two,ssn all nine,,999999999,4/8/1987,M,485985628,CO,,Anand.Unnikrishnan@sterlingts.com,8108109600,USA,10069 Keystone Ct,,Alta Loma,CA,91737,A,B,C,GovernmentId(SSN) must not exceed 9 characters and consist of only numbers
,,,cdk9jtu,886033,SSN test req Invalid,level one mvr oig ,ssn all nine,,999999999,4/9/1987,F,485985628,CO,,Anand.Unnikrishnan@sterlingts.com,8108109601,USA,3504 NE `69th AVE,,Vancouver,WA,98682,A,B,C,GovernmentId(SSN) must not exceed 9 characters and consist of only numbers
,,,gtdxztb,886034,SSN test req Invalid,level two mvr oig ,ssn all nine,,999999999,4/10/1987,F,485985628,CO,,Anand.Unnikrishnan@sterlingts.com,8108109602,USA,7353 Ellena West,Unit 203,Rancho Cucamonga,CA,91730,A,B,C,GovernmentId(SSN) must not exceed 9 characters and consist of only numbers
,,,b9lwbco,886035,SSN test req Invalid,only MVR,ssn all nine,,999999999,4/11/1987,U,485985628,CO,,Anand.Unnikrishnan@sterlingts.com,8108109603,USA,401 forest ave,,lyndhurst,NJ,7071,A,B,C,GovernmentId(SSN) must not exceed 9 characters and consist of only numbers;Current Address Postal Code must consist of exactly 5 characters.;Current Address Postal Code must consist of exactly 5 numbers and cannot be 00000.
,,,,886036,DOBtest invalid,,dob blank,,656589569,,U,485985628,CO,,Anand.Unnikrishnan@sterlingts.com,8108109617,USA,169 Raintree Cir,,Jacksonville,NC,28540,A,B,C,Date of birth must have a value.
,,,,886037,DOB test invalid,,dob less than forteen,,656589570,8/1/2016,m,485985628,CO,,Anand.Unnikrishnan@sterlingts.com,8108109618,USA,12125 Noonan Ct,,Utica,MI,48315,A,B,C,Volunteer must be at least 14 years of age.
,,,,886038,DOBtest invalid,,dob invalidformat,,656589571,test,f,485985628,CO,,Anand.Unnikrishnan@sterlingts.com,8108109619,USA,2430 SE Park Ave,,Milwaukie,OR,97222,A,B,C,Date of birth: test is not in a valid date format. Ensure it is in one of the following formats: MM/dd/yyyy or M/d/yyyy
,,,,886039,DOBtest invalid,,dob mnincorrect,,656589572,13/05/1987,u,485985628,CO,,Anand.Unnikrishnan@sterlingts.com,8108109620,USA,1634 Rustic Hollow Ln,,Katy,TX,77450,A,B,C,Date of birth: 13/05/1987 is not in a valid date format. Ensure it is in one of the following formats: MM/dd/yyyy or M/d/yyyy
,,,b9lwbco,886040,DOBtest invalid,,dob ddincorrect,,656589573,12/32/1987,,485985628,CO,,Anand.Unnikrishnan@sterlingts.com,8108109621,USA,251 East 29th St. Apt. 1B,,Brooklyn,NY,11226,A,B,C,Date of birth: 12/32/1987 is not in a valid date format. Ensure it is in one of the following formats: MM/dd/yyyy or M/d/yyyy
,,,,886041,DOBtest invalid,,dob yearincorrect,,656589574,12/3/198,Male,485985628,CO,,Anand.Unnikrishnan@sterlingts.com,8108109622,USA,2239 Packard Avenue,,Huntingdon Valley,PA,19006,A,B,C,Date of birth: 12/3/198 is not in a valid date format. Ensure it is in one of the following formats: MM/dd/yyyy or M/d/yyyy
,,,,886042,Gender Invalid One,,other than m f u ,,656589578,4/22/1987,test,485985628,CO,,Anand.Unnikrishnan@sterlingts.com,8108109626,USA,6224 tapia drive,unit F,malibu,CA,90265,A,B,C,Gender must consist of only the characters M F and U or Male Female and Unknown.
,,,,886043,Gender Invalid two,,other than m f u ,,656589579,4/23/1987,Mal,485985628,CO,,Anand.Unnikrishnan@sterlingts.com,8108109627,USA,2828 Brookside Drive,,Chino Hills,CA,91709,A,B,C,Gender must consist of only the characters M F and U or Male Female and Unknown.
,,,,886044,Gender Invalid three,,other than m f u ,,656589580,4/24/1987,Femal,485985628,CO,,Anand.Unnikrishnan@sterlingts.com,8108109628,USA,2229 Lily Ave,,Upland,CA,91784,A,B,C,Gender must consist of only the characters M F and U or Male Female and Unknown.
,,,,886045,Gender Invalid four,,other than m f u ,,656589581,4/25/1987,fmal,485985628,CO,,Anand.Unnikrishnan@sterlingts.com,8108109629,USA,1747 Pearl Street,Unit 305,Denver,CO,80203,A,B,C,Gender must consist of only the characters M F and U or Male Female and Unknown.
,,,b9lwbco,886046,Gender Invalid five,,other than m f u ,,656589582,4/26/1987,unknow,485985628,CO,,Anand.Unnikrishnan@sterlingts.com,8108109630,USA,Flat 1222 1515 Cannon Parkway,Roanaoke,Fort Worth,TX,76262,A,B,C,Gender must consist of only the characters M F and U or Male Female and Unknown.
,,,,886047,Email test,,morethan eight,,656589599,5/13/1987,Male,485985628,CO,,Anand.UnnikrishnanAnandUnnikrishnanaqwAnandUnnikrishnanaqwAnandUnnikrishnanaqwAnandUnnikrishnanaqw@sterlingts.com,8108109647,USA,301 Tabb Smith Trail,,Yorktown,VA,23693,A,B,C,Contact Email Address must not exceed 80 characters.
,,,,886048,Email test,,invalid format,,656589600,5/14/1987,Female,485985628,CO,,Anand.Unnikrishnansterlingts.com,8108109648,USA,11 Parish Lane,,Willingboro,NJ,80046,A,B,C,Contact Email Address is not in a valid format
,,,,886049,Phone test,,invalid blank,,656589606,5/20/1987,FEMALE,485985628,CO,,Anand.Unnikrishnan@sterlingts.com,,USA,9923 Avalon Way,,Fredericksburg,VA,22408,A,B,C,Contact Phone Number must have a value.
,,,,886050,Phone test,,invalid more than ten,,656589607,5/21/1987,UNKNOWN,485985628,CO,,Anand.Unnikrishnan@sterlingts.com,78458985956,USA,202 Wandering Lane,,Beaver,WV,25813,A,B,C,Contact Phone Number must consist of only numbers in the format ##########.
,,,,886051,Phone test,,invalid first no one,,656589608,5/22/1987,mALe,485985628,CO,,Anand.Unnikrishnan@sterlingts.com,1589478595,USA,924 Indiana Ave,,South Pasadena,CA,91030,A,B,C,Contact Phone Number must consist of only numbers in the format ##########.
,,,,886052,Phone test,,invalid first no zero,,656589609,5/23/1987,FeMale,485985628,CO,,Anand.Unnikrishnan@sterlingts.com,458985986,USA,2071 Golden Park CT,,Louisville,KY,40218,A,B,C,Contact Phone Number must consist of only numbers in the format ##########.
,,,,886053,Phone test,,invalid fourth no one,,656589610,5/24/1987,UnKnoWn,485985628,CO,,Anand.Unnikrishnan@sterlingts.com,4781458985,USA,550 Turner Wardell rd,,Mansfield,TX,76063,A,B,C,Contact Phone Number must consist of only numbers in the format ##########.
,,,b9lwbco,886054,Phone test,,invalid fourth no zero,,656589611,5/25/1987,MALE,485985628,CO,,Anand.Unnikrishnan@sterlingts.com,7850489856,USA,916 E. Ogden Ave.,Apt. 209,Milwaukee,WI,53202,A,B,C,Contact Phone Number must consist of only numbers in the format ##########.
,,,b9lwbco,886055,Phone test,,invalid less than ten,,656589612,5/26/1987,FEMALE,485985628,CO,,Anand.Unnikrishnan@sterlingts.com,785489569,USA,1904 W. Kilbourn Ave.,,Milwaukee,WI,53233,A,B,C,Contact Phone Number must consist of only numbers in the format ##########.
,,,b9lwbco,886056,Phone test,,invalid not in correct format,,656589613,5/27/1987,UNKNOWN,485985628,CO,,Anand.Unnikrishnan@sterlingts.com,785-689-6500,USA,505 University Avenue,Apt. 105,Madison,WI,53703,A,B,C,Contact Phone Number must consist of only numbers in the format ##########.
,,,b9lwbco,886057,Country test,,invalid blank,,656589634,6/17/1987,UnKnoWn,485985628,CO,,Anand.Unnikrishnan@sterlingts.com,9856425621,,605 s barrington ave,apt 34,Los Angeles,CA,90049,A,B,C,Current Address Country must have a value.
,,,,886058,Country test,,invalid digit,,656589635,6/18/1987,MALE,485985628,CO,,Anand.Unnikrishnan@sterlingts.com,9856425620,123,5533 Hollywood Blvd. #236,,Los Angeles,CA,49331,A,B,C,Valid values for Current Address Country are: USA.
,,,,886059,Country test,,invalid more than three,,656589636,6/19/1987,FEMALE,485985628,CO,,Anand.Unnikrishnan@sterlingts.com,9856425621,testyuh,8179 Westmont Terrace Dr,,Lakeland,FL,33810,A,B,C,Current Address Country must not exceed 3 characters.;Valid values for Current Address Country are: USA.
,,,b9lwbco,886060,Country test,,invalid not usa,,656589637,6/20/1987,UNKNOWN,485985628,CO,,Anand.Unnikrishnan@sterlingts.com,9856425620,US,104 Elm Street,,Colonia,NJ,70067,A,B,C,Valid values for Current Address Country are: USA.
,,,b9lwbco,886061,Country test,,invalid not usa,,656589638,6/21/1987,mALe,485985628,CO,,Anand.Unnikrishnan@sterlingts.com,9856425621,1^*,1255 N Post Oak Rd,Apt 1228,Houston,TX,77055,A,B,C,Valid values for Current Address Country are: USA.
,,,,886062,adrresslineone test,,blank,,656589641,6/24/1987,MALE,485985628,CO,,Anand.Unnikrishnan@sterlingts.com,9856425620,USA,,,Jacksonville,FL,32224,A,B,C,Current Address Line 1 must have a value.
,,,,886063,adrresslineone test,,ls thn four,,656589642,6/25/1987,FEMALE,485985628,CO,,Anand.Unnikrishnan@sterlingts.com,9856425621,usa,s&1,,Cuyahoga Falls,OH,44221,A,B,C,Current Address Line 1 must consist of at least 4 characters.
,,,,886064,adrresslineone test,,grt hundred,,656589643,6/26/1987,UNKNOWN,485985628,CO,,Anand.Unnikrishnan@sterlingts.com,9856425620,USA,101 Death Start Lane 101 Death Start Lane 101 Death Start Lane 101 Death Start Lane 101 Death Start L,,Bowling Green,KY,42104,A,B,C,Current Address Line 1 must not exceed 100 characters.
,,,b9lwbco,886065,addlinetwo test,,invalid les than two,,656589647,6/30/1987,mALe,485985628,CO,,Anand.Unnikrishnan@sterlingts.com,9856425620,USA,41 Tara Dr,t,Sewell,NJ,80800,A,B,C,Current Address Line 2 must consist of at least 2 characters.
,,,,886066,addlinetwo test,,invalid grt thn hundred,,656589648,7/1/1987,FeMale,485985628,CO,,Anand.Unnikrishnan@sterlingts.com,9856425621,usa,34571 Lang Ave,101 Death Start Lane 101 Death Start Lane 101 Death Start Lane 101 Death Start Lane 101 Death Start L,Fremont,CA,94555,A,B,C,Current Address Line 2 must not exceed 100 characters.
,,,b9lwbco,886067,city test,,invalid blank,,656589650,7/3/1987,MALE,485985628,CO,,Anand.Unnikrishnan@sterlingts.com,9856425621,usa,2422 Guthrie court,,,CA,90034,A,B,C,Current Address Municipality must have a value.
,,,b9lwbco,886068,city test,,invalid less than two,,656589651,7/4/1987,FEMALE,485985628,CO,,Anand.Unnikrishnan@sterlingts.com,9856425620,USA,227 Cleek Springs Ct,,A,OH,45440,A,B,C,Current Address Municipality must consist of at least 2 characters.
,,,b9lwbco,886069,city test,,invalid more than thirty,,656589652,7/5/1987,UNKNOWN,485985628,CO,,Anand.Unnikrishnan@sterlingts.com,9856425621,usa,1446 Secretariat Drive,,Atlanta athyujuikonhgtyuhgbtyuh,AL,35080,A,B,C,Current Address Municipality must not exceed 30 characters.
,,,,886070,zipcd test,,invalid blank,,656589655,7/8/1987,Female,485985628,CO,,Anand.Unnikrishnan@sterlingts.com,9856425620,USA,27 Dale Drive,,Voorhees,NJ,,A,B,C,Current Address Postal Code must have a value.
,,,,886071,zipcd test,,invalid all zero,,656589656,7/9/1987,Unknown,485985628,CO,,Anand.Unnikrishnan@sterlingts.com,9856425621,usa,1117 Hunters Glen Cir,,Edmond,OK,0,A,B,C,Current Address Postal Code must consist of exactly 5 characters.;Current Address Postal Code must consist of exactly 5 numbers and cannot be 00000.
,,,,886072,zipcd test,,invalid greaterthnfive,,656589657,7/10/1987,mALe,485985628,CO,,Anand.Unnikrishnan@sterlingts.com,9856425620,USA,16 Dutton Place,,Glastonbury,CT,360040,A,B,C,Current Address Postal Code must consist of exactly 5 characters.;Current Address Postal Code must consist of exactly 5 numbers and cannot be 00000.
,,,,886073,zipcd test,,invalid lessthnfive,,656589658,7/11/1987,FeMale,485985628,CO,,Anand.Unnikrishnan@sterlingts.com,9856425621,usa,69 Panthorn Trail,,Southington,CT,5689,A,B,C,Current Address Postal Code must consist of exactly 5 characters.;Current Address Postal Code must consist of exactly 5 numbers and cannot be 00000.
,,,b9lwbco,886074,zipcd test,,invalid,,656589659,7/12/1987,UnKnoWn,485985628,CO,,Anand.Unnikrishnan@sterlingts.com,9856425620,USA,130 Olde Stage Rd,,Glastonbury,CT,te56$,A,B,C,Current Address Postal Code must consist of exactly 5 numbers and cannot be 00000.
,,,,886075,extracol test,,invalid grt thn fifty,,656589661,7/14/1987,FEMALE,485985628,CO,,Anand.Unnikrishnan@sterlingts.com,9856425620,USA,3024 Panther Ridge Lane,,Lewisville,NC,27023,QWERTYUIOP 1234567890 !@#$%^&*() QWERTYUIOP 1234567,QWERTYUIOP 1234567890 !@#$%^&*() QWERTYUIOP 1234567,QWERTYUIOP 1234567890 !@#$%^&*() QWERTYUIOP 1234567,UDF1 must not exceed 50 characters.;UDF2 must not exceed 50 characters.;UDF3 must not exceed 50 characters.
,,,b9lwbco,886076,MVR order,,invalid license blank,,656589662,7/15/1987,UNKNOWN,,CA,,Anand.Unnikrishnan@sterlingts.com,9856425621,usa,3024 Panther Ridge Lane,overlook dr,dallas,TX,75227,A,B,C,GovernmentId(DMV) must have a value.
,,,b9lwbco,886077,MVR order,,Invalid lic state blank,,656589664,7/17/1987,UNKNOWN,G7858984,,,Anand.Unnikrishnan@sterlingts.com,9856425621,usa,3024 Panther Ridge Lane,overlook dr,dallas,TX,75227,A,B,C,GovernmentId(DMV) is invalid because State is not a valid state code for batch ordering.;State must have a value.
,,,b9lwbco,886078,MVR order,,Invalid lic state value invalid,,656589665,7/18/1987,FEMALE,G7858984,SU,,Anand.Unnikrishnan@sterlingts.com,9856425621,usa,3024 Panther Ridge Lane,overlook dr,dallas,TX,75227,A,B,C,GovernmentId(DMV) is invalid because State is not a valid state code for batch ordering.;State is not a valid state code for batch ordering.
,,,b9lwbco,886079,MVR CA,,Invalid one,,858974883,7/19/1987,M,G89500058,CA,,Anand.Unnikrishnan@sterlingts.com,8108109527,USA,101 Death Start Lane,Hardwell,Atlanta,CA,30356,A,B,C,GovernmentId(DMV) is not in the proper format for the state of CA
,,,b9lwbco,886080,MVR CA,,Invalid two,,858974884,1/26/1987,F,G858985,CA,,Anand.Unnikrishnan@sterlingts.com,8108109528,USA,101 Death Start Lane,Hardwell,Atlanta,CA,30357,A,B,C,GovernmentId(DMV) is not in the proper format for the state of CA
,,,b9lwbco,886081,MVR CA,,Invalid three,,858974885,1/27/1987,U,FG858958,CA,,Anand.Unnikrishnan@sterlingts.com,8108109529,USA,101 Death Start Lane,Hardwell,Atlanta,CA,30358,A,B,C,GovernmentId(DMV) is not in the proper format for the state of CA
,,,b9lwbco,886082,MVR CA,,Invalid four,,858974886,1/28/1987,M,g8587485,CA,,Anand.Unnikrishnan@sterlingts.com,8108109530,USA,101 Death Start Lane,Hardwell,Atlanta,CA,30359,A,B,C,GovernmentId(DMV) is not in the proper format for the state of CA
,,,b9lwbco,886083,MVR CA,,Invalid five,,858974887,1/29/1987,F,89589562,CA,,Anand.Unnikrishnan@sterlingts.com,8108109531,USA,101 Death Start Lane,Hardwell,Atlanta,CA,30360,A,B,C,GovernmentId(DMV) is not in the proper format for the state of CA
,,,bfjnvd4,test788985689test !@#$%^&*()_: test981212./'\~89te okt,clientrefid,grt thn fifty,Invalid one,,895850007,1/3/1987,U,485985628,CO,,Anand.Unnikrishnan@sterlingts.com,8108109505,USA,48 riverview trailer CT,,Union,MO,63084,A,B,C,ClientReferenceId must not exceed 50 characters.
