VV Volunteer ID,Client ID,Account Name,Volunteer First Name,Volunteer Last Name,Status,Restriction Name,Restriction End Date,Restriction Note,Adverse Action Run,Volunteer Email,Volunteer Phone,Volunteer Address,Volunteer Address 2,Volunteer City,Volunteer State,Volunteer Zip Code,Invitation,Origin,Position,Level of Screen,Invitation Date,Order Date,Latest Update,VV Order,Adjudication Date,Volunteer Since,Date of Birth,Custom 1,Custom 2,Custom 3,Payment
v72593,1287,VVReg1 Sub Child 1-2,Paresh,Salve,No Order Placed,,,,No,sachin.patil2@sterlingts.com,,,,,,,,Invited,Basic Criminal Locator Search,,,,,,,,,,,,
v72607 - c73288,1287,VVReg1 Sub Child 1-2,Ramu,Test,Eligible,,,,No,sachin.patil2@sterlingts.com,,Address,Address,Albama,AL,35035,Yes - Canceled,Invited,"Advanced Criminal Locator Search, Basic Criminal Locator Search","L1, L2",,6/26/2017,8/20/2017,77073,6/26/2017,6/20/2017,1/1/1999,,,,
v72764 - c73442,1287,VVReg1 Sub Child 1-2,Paresh,Patel,Ineligible,,,,No,sachin.patil2@sterlingts.com,,Address,,Albama,AL,35035,,Invited,Basic Criminal Locator Search,L1,,6/23/2017,8/17/2017,77014,6/23/2017,,1/1/1999,,,,
v75024 - c75482,1287,VVReg1 Sub Child 1-2,textfsgdfhdyygh,corderexport,Background Check Pending,,,,No,paresh.save@sterlingts.com,8589854859,12 test,testghfdgh,cecilton,MD,21913,,"Org - userLName, userFName",L1-MVR-OIG-SSNPROF,"L1, DR, OIG+, SSP",,9/19/2017,,79187,,,1/1/1987,efgth,dagg,ewfa,
v75025,1287,VVReg1 Sub Child 1-2,ewdsgasdg,uploadorder,No Order Placed,,,,No,paresh.save@sterlingts.com,2166157640,# 12 apt 9253# W Hampton Dr,#address second villa#,FLEMING ISLAND,FL,14812,,Upload,,,,,,,,,,,,,
v75029 - c75485,1287,VVReg1 Sub Child 1-2,CAQffaVudfanmIvh,Smorder,Eligible,test,11/23/2022,restriction test,No,Paresh.Save@sterlingts.com,9012121234,test address !@#$%^&*() ':`Line,test address !@#$%^&*() ':`Line,Test City,FL,32007,,Integration,Basic Criminal Locator Search,L1,,9/19/2017,11/13/2017,79190,9/19/2017,9/19/2017,7/28/1995,No,1044527882,,
v75032 - c75487,1287,VVReg1 Sub Child 1-2,wretswgs,gdcodehold,Background Check HOLD,,,,No,paresh.save@sterlingts.com,8958945898,12 test,,cecilton,MD,21913,,GOOD DEED,,,,,,,,,,,,,
v75033 - c75488,1287,VVReg1 Sub Child 1-2,asdfsaehktf,gdcodepayment,Background Check Pending,,,,No,paresh.save@sterlingts.com,8958945896,sdgsdgsdg,,ceciltn,MD,21913,,GOOD DEED,L3-MVR-OIG-SSNPROF,"L3, DR, OIG+, SSP",,9/19/2017,,79193,,,1/1/1987,,,,"$2,600.00 "
v75037 - c75492,1287,VVReg1 Sub Child 1-2,hnzsghfjjuk,borderexport,Ineligible,,,,No,paresh.save@sterlingts.com,8108109503,19770 Yvonne Dr,test add2,test city,MD,21913,,Batch Order,Basic Criminal Locator Search,L1,,9/20/2017,11/14/2017,79197,9/20/2017,,11/11/1987,GHJ,ujhg,plkjhy,
v75039,1287,VVReg1 Sub Child 1-2,hdgfkdgfjdg,invitationorder,No Order Placed,,,,No,paresh.save@sterlingts.com,,,,,,,,Invited,Advanced Criminal Locator Search,,,,,,,,,ddg,se3,,
v76385 - c76786,1287,VVReg1 Sub Child 1-2,noquestionanire,qatwo,Background Check Pending,,,,No,paresh.save@sterlingts.com,8985898569,12 test,,cecilton,MD,21913,,GOOD DEED,Basic Criminal Locator Search,L1,,11/8/2017,,80628,,,1/1/1987,,,,
v76386 - c76787,1287,VVReg1 Sub Child 1-2,questionnairepreferd,qatwo,Background Check Pending,,,,No,paresh.save@sterlingts.com,8958985485,12 test,,cecilton,MD,21913,,GOOD DEED,Basic Criminal Locator Search,L1,,11/8/2017,,80629,,,1/1/1987,,,,
v76387 - c76788,1287,VVReg1 Sub Child 1-2,questionanireconsider,qatwo,Background Check Pending,,,,No,paresh.save@sterlingts.com,,12 test,,cecilton,MD,21913,,GOOD DEED,Basic Criminal Locator Search,L1,,11/8/2017,,80630,,,1/1/1987,,,,
v76388 - c76791,1287,VVReg1 Sub Child 1-2,hyUqwxPWsEoLobE,GoodDeedCode,Ineligible,,,,No,Paresh.Save@sterlingts.com,9012121234,test address !@#$%^&*() ':`Line,test address !@#$%^&*() ':`Line,Test City,OK,73010,,GOOD DEED,L2-LS-CR-ID-REF-CREDIT-MVR-ABUSE-OIG-GLOBEX-FEDCRIM-FEDCIVIL-COUNTYCIVIL,"L2, DR, REF, CR, OIG+, LS, CVCTY, CVFED, CRFED, GLOBEX",,11/8/2017,11/23/2017,80633,11/8/2017,,11/8/1995,,,,
v76389 - c76792,1287,VVReg1 Sub Child 1-2,lVyAIuvinwxCPzL,GoodDeedCode,Eligible,,,,No,Paresh.Save@sterlingts.com,9012121234,test address !@#$%^&*() ':`Line,test address !@#$%^&*() ':`Line,Test City,OK,73010,,GOOD DEED,L1-ABUSE,"L1, ABUSE",,11/8/2017,11/23/2017,80634,11/8/2017,11/8/2017,11/8/1995,,,,
v76434 - c76840,1287,VVReg1 Sub Child 1-2,iatkpKhPMsyeIQg,GoodDeedCode,Pending Review,,,,No,VV1Automation@sterlingts.com,9012121234,test address !@#$%^&*() ':`Line,test address !@#$%^&*() ':`Line,Test City,OK,73010,,GOOD DEED,L2-LS-CR-ID-REF-CREDIT-MVR-ABUSE-OIG-GLOBEX-FEDCRIM-FEDCIVIL-COUNTYCIVIL,"L2, DR, REF, CR, OIG+, LS, CVCTY, CVFED, CRFED, GLOBEX",,11/9/2017,11/24/2017,80681,,,11/9/1995,,,,
v76435 - c76841,1287,VVReg1 Sub Child 1-2,nXRLubIJEBOMIlp,GoodDeedCode,Pending Review,,,,No,VV1Automation@sterlingts.com,9012121234,test address !@#$%^&*() ':`Line,test address !@#$%^&*() ':`Line,Test City,OK,73010,,GOOD DEED,L1-ABUSE,"L1, ABUSE",,11/9/2017,11/24/2017,80682,,,11/9/1995,,,,
v76542 - c76948,1287,VVReg1 Sub Child 1-2,fljfehbXsknRVvR,GoodDeedCode,Ineligible,,,,No,VV1Automation@sterlingts.com,9012121234,test address !@#$%^&*() ':`Line,test address !@#$%^&*() ':`Line,Test City,OK,73010,,GOOD DEED,L2-LS-CR-ID-REF-CREDIT-MVR-ABUSE-OIG-GLOBEX-FEDCRIM-FEDCIVIL-COUNTYCIVIL,"L2, DR, REF, CR, OIG+, LS, CVCTY, CVFED, CRFED, GLOBEX",,11/10/2017,11/26/2017,80788,11/10/2017,,11/10/1995,,,,
v76543 - c76949,1287,VVReg1 Sub Child 1-2,BobCPFlcPKxaeqS,GoodDeedCode,Eligible,,,,No,VV1Automation@sterlingts.com,9012121234,test address !@#$%^&*() ':`Line,test address !@#$%^&*() ':`Line,Test City,OK,73010,,GOOD DEED,L1-ABUSE,"L1, ABUSE",,11/10/2017,11/26/2017,80789,11/10/2017,11/10/2017,11/10/1995,,,,
v76693 - c77098,1287,VVReg1 Sub Child 1-2,uasRxjUMnwCfTNH,GoodDeedCode,Ineligible,,,,No,VV1Automation@sterlingts.com,9012121234,test address !@#$%^&*() ':`Line,test address !@#$%^&*() ':`Line,Test City,OK,73010,,GOOD DEED,L2-LS-CR-ID-REF-CREDIT-MVR-ABUSE-OIG-GLOBEX-FEDCRIM-FEDCIVIL-COUNTYCIVIL,"L2, DR, REF, CR, OIG+, LS, CVCTY, CVFED, CRFED, GLOBEX",,11/17/2017,11/27/2017,80939,11/17/2017,,11/17/1995,,,,
v76694 - c77099,1287,VVReg1 Sub Child 1-2,FYEdMJUEwzzQDVO,GoodDeedCode,Eligible,,,,No,VV1Automation@sterlingts.com,9012121234,test address !@#$%^&*() ':`Line,test address !@#$%^&*() ':`Line,Test City,OK,73010,,GOOD DEED,L1-ABUSE,"L1, ABUSE",,11/17/2017,11/27/2017,80940,11/17/2017,11/17/2017,11/17/1995,,,,
v76838 - c77238,1287,VVReg1 Sub Child 1-2,qgtvjPniuEeUzkh,GoodDeedCode,Ineligible,,,,No,VV1Automation@sterlingts.com,9012121234,test address !@#$%^&*() ':`Line,test address !@#$%^&*() ':`Line,Test City,OK,73010,,GOOD DEED,L2-LS-CR-ID-REF-CREDIT-MVR-ABUSE-OIG-GLOBEX-FEDCRIM-FEDCIVIL-COUNTYCIVIL,"L2, DR, REF, CR, OIG+, LS, CVCTY, CVFED, CRFED, GLOBEX",,11/24/2017,,81080,11/24/2017,,11/24/1995,,,,
v76839 - c77239,1287,VVReg1 Sub Child 1-2,QtuOGorENWSNbNH,GoodDeedCode,Eligible,,,,No,VV1Automation@sterlingts.com,9012121234,test address !@#$%^&*() ':`Line,test address !@#$%^&*() ':`Line,Test City,OK,73010,,GOOD DEED,L1-ABUSE,"L1, ABUSE",,11/24/2017,,81081,11/24/2017,11/24/2017,11/24/1995,,,,
v76908 - c77308,1287,VVReg1 Sub Child 1-2,DoOBxsCsaapcxXi,GoodDeedCode,Ineligible,,,,No,VV1Automation@sterlingts.com,9012121234,test address !@#$%^&*() ':`Line,test address !@#$%^&*() ':`Line,Test City,OK,73010,,GOOD DEED,L2-LS-CR-ID-REF-CREDIT-MVR-ABUSE-OIG-GLOBEX-FEDCRIM-FEDCIVIL-COUNTYCIVIL,"L2, DR, REF, CR, OIG+, LS, CVCTY, CVFED, CRFED, GLOBEX",,11/27/2017,,81152,11/27/2017,,11/27/1995,,,,
v76919 - c77318,1287,VVReg1 Sub Child 1-2,hxoHrTWmpSiMtMr,GoodDeedCode,Pending Review,,,,No,Paresh.Save@sterlingts.com,9012121234,test address !@#$%^&*() ':`Line,test address !@#$%^&*() ':`Line,Test City,OK,73010,,GOOD DEED,L2-LS-CR-ID-REF-CREDIT-MVR-ABUSE-OIG-GLOBEX-FEDCRIM-FEDCIVIL-COUNTYCIVIL,"L2, DR, REF, CR, OIG+, LS, CVCTY, CVFED, CRFED, GLOBEX",,11/28/2017,11/30/2017,81162,,,11/28/1995,,,,
v76920 - c77319,1287,VVReg1 Sub Child 1-2,tMbpCWLucTFBjza,GoodDeedCode,Ineligible,,,,No,Paresh.Save@sterlingts.com,9012121234,test address !@#$%^&*() ':`Line,test address !@#$%^&*() ':`Line,Test City,OK,73010,,GOOD DEED,L2-LS-CR-ID-REF-CREDIT-MVR-ABUSE-OIG-GLOBEX-FEDCRIM-FEDCIVIL-COUNTYCIVIL,"L2, DR, REF, CR, OIG+, LS, CVCTY, CVFED, CRFED, GLOBEX",,11/28/2017,11/30/2017,81163,11/28/2017,,11/28/1995,,,,
v77023 - c77408,1287,VVReg1 Sub Child 1-2,GztONwKQJSzOPpP,GoodDeedCode,Ineligible,,,,No,VV1Automation@sterlingts.com,9012121234,test address !@#$%^&*() ':`Line,test address !@#$%^&*() ':`Line,Test City,OK,73010,,GOOD DEED,L2-LS-CR-ID-REF-CREDIT-MVR-ABUSE-OIG-GLOBEX-FEDCRIM-FEDCIVIL-COUNTYCIVIL,"L2, DR, REF, CR, OIG+, LS, CVCTY, CVFED, CRFED, GLOBEX",,11/29/2017,11/30/2017,81252,11/29/2017,,11/29/1995,,,,
v77024 - c77409,1287,VVReg1 Sub Child 1-2,kRjCgWPfEjYudUU,GoodDeedCode,Eligible,,,,No,VV1Automation@sterlingts.com,9012121234,test address !@#$%^&*() ':`Line,test address !@#$%^&*() ':`Line,Test City,OK,73010,,GOOD DEED,L1-ABUSE,"L1, ABUSE",,11/29/2017,11/30/2017,81253,11/29/2017,11/29/2017,11/29/1995,,,,
v77115 - c77499,1287,VVReg1 Sub Child 1-2,NNKFGLJIfnudaRL,GoodDeedCode,Ineligible,,,,No,VV1Automation@sterlingts.com,9012121234,test address !@#$%^&*() ':`Line,test address !@#$%^&*() ':`Line,Test City,OK,73010,,GOOD DEED,L2-LS-CR-ID-REF-CREDIT-MVR-ABUSE-OIG-GLOBEX-FEDCRIM-FEDCIVIL-COUNTYCIVIL,"L2, DR, REF, CR, OIG+, LS, CVCTY, CVFED, CRFED, GLOBEX",,11/30/2017,12/1/2017,81355,11/30/2017,,11/30/1995,,,,
v77142 - c77526,1287,VVReg1 Sub Child 1-2,zEvPkjWJaurzWuA,GoodDeedCode,Ineligible,,,,No,VV1Automation@sterlingts.com,9012121234,test address !@#$%^&*() ':`Line,test address !@#$%^&*() ':`Line,Test City,OK,73010,,GOOD DEED,L2-LS-CR-ID-REF-CREDIT-MVR-ABUSE-OIG-GLOBEX-FEDCRIM-FEDCIVIL-COUNTYCIVIL,"L2, DR, REF, CR, OIG+, LS, CVCTY, CVFED, CRFED, GLOBEX",,12/1/2017,12/2/2017,81382,12/1/2017,,12/1/1995,,,,
v77219 - c77599,1287,VVReg1 Sub Child 1-2,cLYpgPWFokEbRPT,GoodDeedCode,Ineligible,,,,No,VV1Automation@sterlingts.com,9012121234,test address !@#$%^&*() ':`Line,test address !@#$%^&*() ':`Line,Test City,OK,73010,,GOOD DEED,L2-LS-CR-ID-REF-CREDIT-MVR-ABUSE-OIG-GLOBEX-FEDCRIM-FEDCIVIL-COUNTYCIVIL,"L2, DR, REF, CR, OIG+, LS, CVCTY, CVFED, CRFED, GLOBEX",,12/1/2017,12/2/2017,81456,12/1/2017,,12/1/1995,,,,
v77220 - c77600,1287,VVReg1 Sub Child 1-2,QTfirrvecgmAAfw,GoodDeedCode,Eligible,,,,No,VV1Automation@sterlingts.com,9012121234,test address !@#$%^&*() ':`Line,test address !@#$%^&*() ':`Line,Test City,OK,73010,,GOOD DEED,L1-ABUSE,"L1, ABUSE",,12/1/2017,12/2/2017,81457,12/1/2017,12/1/2017,12/1/1995,,,,
v77295 - c77675,1287,VVReg1 Sub Child 1-2,PkhjWKoOpaVdkRG,GoodDeedCode,Eligible,,,,No,VV1Automation@sterlingts.com,9012121234,test address !@#$%^&*() ':`Line,test address !@#$%^&*() ':`Line,Test City,OK,73010,,GOOD DEED,L1-ABUSE,"L1, ABUSE",,12/4/2017,12/5/2017,81534,12/4/2017,12/4/2017,12/4/1995,,,,
v77424 - c77782,1287,VVReg1 Sub Child 1-2,kbqTRsoEcmfmKvn,GoodDeedCode,Ineligible,,,,No,VV1Automation@sterlingts.com,9012121234,test address !@#$%^&*() ':`Line,test address !@#$%^&*() ':`Line,Test City,OK,73010,,GOOD DEED,L2-LS-CR-ID-REF-CREDIT-MVR-ABUSE-OIG-GLOBEX-FEDCRIM-FEDCIVIL-COUNTYCIVIL,"L2, DR, REF, CR, OIG+, LS, CVCTY, CVFED, CRFED, GLOBEX",,12/11/2017,,81641,12/11/2017,,12/11/1995,,,,
v77425 - c77783,1287,VVReg1 Sub Child 1-2,QkUIWyvWMbJjIBd,GoodDeedCode,Eligible,,,,No,VV1Automation@sterlingts.com,9012121234,test address !@#$%^&*() ':`Line,test address !@#$%^&*() ':`Line,Test City,OK,73010,,GOOD DEED,L1-ABUSE,"L1, ABUSE",,12/11/2017,,81642,12/11/2017,12/11/2017,12/11/1995,,,,
v77595 - c77947,1287,VVReg1 Sub Child 1-2,OjWPHlOrdZkexsu,GoodDeedCode,Pending Review,,,,No,VVAutomation@sterlingts.com,9012121234,test address !@#$%^&*() ':`Line,test address !@#$%^&*() ':`Line,Test City,OK,73010,,GOOD DEED,L2-LS-CR-ID-REF-CREDIT-MVR-ABUSE-OIG-GLOBEX-FEDCRIM-FEDCIVIL-COUNTYCIVIL,"L2, DR, REF, CR, OIG+, LS, CVCTY, CVFED, CRFED, GLOBEX",,1/5/2018,1/6/2018,81804,,,1/5/1996,,,,
v77596 - c77948,1287,VVReg1 Sub Child 1-2,LJPqKFgeTMnLxlz,GoodDeedCode,Pending Review,,,,No,VVAutomation@sterlingts.com,9012121234,test address !@#$%^&*() ':`Line,test address !@#$%^&*() ':`Line,Test City,OK,73010,,GOOD DEED,L1-ABUSE,"L1, ABUSE",,1/5/2018,1/6/2018,81805,,,1/5/1996,,,,
v77652 - c77995,1287,VVReg1 Sub Child 1-2,gRICDYuIorIEXzi,GoodDeedCode,Pending Review,,,,No,GAT@sterlingts.com,9012121234,test address !@#$%^&*() ':`Line,test address !@#$%^&*() ':`Line,Test City,OK,73010,,GOOD DEED,L2-LS-CR-ID-REF-CREDIT-MVR-ABUSE-OIG-GLOBEX-FEDCRIM-FEDCIVIL-COUNTYCIVIL,"L2, DR, REF, CR, OIG+, LS, CVCTY, CVFED, CRFED, GLOBEX",,1/6/2018,1/7/2018,81853,,,1/6/1996,,,,
v77700 - c78035,1287,VVReg1 Sub Child 1-2,obvDpMPwpscfBBs,GoodDeedCode,Pending Review,,,,No,GAT@sterlingts.com,9012121234,test address !@#$%^&*() ':`Line,test address !@#$%^&*() ':`Line,Test City,OK,73010,,GOOD DEED,L2-LS-CR-ID-REF-CREDIT-MVR-ABUSE-OIG-GLOBEX-FEDCRIM-FEDCIVIL-COUNTYCIVIL,"L2, DR, REF, CR, OIG+, LS, CVCTY, CVFED, CRFED, GLOBEX",,1/7/2018,,81896,,,1/7/1996,,,,
v77728 - c78054,1287,VVReg1 Sub Child 1-2,oBeYRdGHFwQueaC,GoodDeedCode,Pending Review,,,,No,GAT@sterlingts.com,9012121234,test address !@#$%^&*() ':`Line,test address !@#$%^&*() ':`Line,Test City,OK,73010,,GOOD DEED,L2-LS-CR-ID-REF-CREDIT-MVR-ABUSE-OIG-GLOBEX-FEDCRIM-FEDCIVIL-COUNTYCIVIL,"L2, DR, REF, CR, OIG+, LS, CVCTY, CVFED, CRFED, GLOBEX",,1/8/2018,,81916,,,1/8/1996,,,,
v77735 - c78060,1287,VVReg1 Sub Child 1-2,BOZxnlOKQKEVtVD,GoodDeedCode,Ineligible,,,,No,Paresh.Save@sterlingts.com,9012121234,test address !@#$%^&*() ':`Line,test address !@#$%^&*() ':`Line,Test City,OK,73010,,GOOD DEED,L2-LS-CR-ID-REF-CREDIT-MVR-ABUSE-OIG-GLOBEX-FEDCRIM-FEDCIVIL-COUNTYCIVIL,"L2, DR, REF, CR, OIG+, LS, CVCTY, CVFED, CRFED, GLOBEX",,1/8/2018,,81922,1/8/2018,,1/8/1996,,,,
v77784 - c78108,1287,VVReg1 Sub Child 1-2,CKbFtyrpkBipIwz,GoodDeedCode,Ineligible,,,,No,GAT@sterlingts.com,9012121234,test address !@#$%^&*() ':`Line,test address !@#$%^&*() ':`Line,Test City,OK,73010,,GOOD DEED,L2-LS-CR-ID-REF-CREDIT-MVR-ABUSE-OIG-GLOBEX-FEDCRIM-FEDCIVIL-COUNTYCIVIL,"L2, DR, REF, CR, OIG+, LS, CVCTY, CVFED, CRFED, GLOBEX",,1/9/2018,,81964,1/9/2018,,1/9/1996,,,,
v77995 - c78327,1287,VVReg1 Sub Child 1-2,xzLlbXWRhunFLPe,GoodDeedCode,Ineligible,,,,No,VVAutomation@sterlingts.com,9012121234,test address !@#$%^&*() ':`Line,test address !@#$%^&*() ':`Line,Test City,OK,73010,,GOOD DEED,L2-LS-CR-ID-REF-CREDIT-MVR-ABUSE-OIG-GLOBEX-FEDCRIM-FEDCIVIL-COUNTYCIVIL,"L2, DR, REF, CR, OIG+, LS, CVCTY, CVFED, CRFED, GLOBEX",,1/11/2018,,82189,1/11/2018,,1/11/1996,,,,
v77998 - c78330,1287,VVReg1 Sub Child 1-2,QCAbBODLiBlVUpp,GoodDeedCode,Eligible,,,,No,VVAutomation@sterlingts.com,9012121234,test address !@#$%^&*() ':`Line,test address !@#$%^&*() ':`Line,Test City,OK,73010,,GOOD DEED,L1-ABUSE,"L1, ABUSE",,1/11/2018,,82192,1/11/2018,1/11/2018,1/11/1996,,,,
v78076 - c78400,1287,VVReg1 Sub Child 1-2,TUWlJrjoHhjjCII,GoodDeedCode,Ineligible,,,,No,GAT@sterlingts.com,9012121234,test address !@#$%^&*() ':`Line,test address !@#$%^&*() ':`Line,Test City,OK,73010,,GOOD DEED,L2-LS-CR-ID-REF-CREDIT-MVR-ABUSE-OIG-GLOBEX-FEDCRIM-FEDCIVIL-COUNTYCIVIL,"L2, DR, REF, CR, OIG+, LS, CVCTY, CVFED, CRFED, GLOBEX",,1/12/2018,1/13/2018,82264,1/12/2018,,1/12/1996,,,,
v78147 - c78453,1287,VVReg1 Sub Child 1-2,HMbsCTcDocBpRir,GoodDeedCode,Ineligible,,,,No,GAT@sterlingts.com,9012121234,test address !@#$%^&*() ':`Line,test address !@#$%^&*() ':`Line,Test City,OK,73010,,GOOD DEED,L2-LS-CR-ID-REF-CREDIT-MVR-ABUSE-OIG-GLOBEX-FEDCRIM-FEDCIVIL-COUNTYCIVIL,"L2, DR, REF, CR, OIG+, LS, CVCTY, CVFED, CRFED, GLOBEX",,1/15/2018,1/16/2018,82330,1/15/2018,,1/15/1996,,,,
v78209 - c78501,1287,VVReg1 Sub Child 1-2,bMZxPDsWqpBRopS,GoodDeedCode,Ineligible,,,,No,GAT@sterlingts.com,9012121234,test address !@#$%^&*() ':`Line,test address !@#$%^&*() ':`Line,Test City,OK,73010,,GOOD DEED,L2-LS-CR-ID-REF-CREDIT-MVR-ABUSE-OIG-GLOBEX-FEDCRIM-FEDCIVIL-COUNTYCIVIL,"L2, DR, REF, CR, OIG+, LS, CVCTY, CVFED, CRFED, GLOBEX",,1/17/2018,1/18/2018,82383,1/17/2018,,1/17/1996,,,,
v78308 - c78590,1287,VVReg1 Sub Child 1-2,bMnDSZXUdliMRIG,GoodDeedCode,Ineligible,,,,No,GAT@sterlingts.com,9012121234,test address !@#$%^&*() ':`Line,test address !@#$%^&*() ':`Line,Test City,OK,73010,,GOOD DEED,L2-LS-CR-ID-REF-CREDIT-MVR-ABUSE-OIG-GLOBEX-FEDCRIM-FEDCIVIL-COUNTYCIVIL,"L2, DR, REF, CR, OIG+, LS, CVCTY, CVFED, CRFED, GLOBEX",,2/16/2018,,82477,2/16/2018,,2/16/1996,,,,
v78396 - c78649,1287,VVReg1 Sub Child 1-2,pyuitkIpLRKuWbQ,GoodDeedCode,Ineligible,,,,No,Paresh.Save@sterlingts.com,9012121234,test address !@#$%^&*() ':`Line,test address !@#$%^&*() ':`Line,Test City,OK,73010,,GOOD DEED,L2-LS-CR-ID-REF-CREDIT-MVR-ABUSE-OIG-GLOBEX-FEDCRIM-FEDCIVIL-COUNTYCIVIL,"L2, DR, REF, CR, OIG+, LS, CVCTY, CVFED, CRFED, GLOBEX",,2/16/2018,,82534,2/16/2018,,2/16/1996,,,,
v78397 - c78650,1287,VVReg1 Sub Child 1-2,RnXkZDrSPOMRhpZ,GoodDeedCode,Eligible,,,,No,Paresh.Save@sterlingts.com,9012121234,test address !@#$%^&*() ':`Line,test address !@#$%^&*() ':`Line,Test City,OK,73010,,GOOD DEED,L1-ABUSE,"L1, ABUSE",,2/16/2018,,82535,2/16/2018,2/16/2018,2/16/1996,,,,
v78475 - c78719,1287,VVReg1 Sub Child 1-2,UnXyEHROkRNvluO,GoodDeedCode,Ineligible,,,,No,GAT@sterlingts.com,9012121234,test address !@#$%^&*() ':`Line,test address !@#$%^&*() ':`Line,Test City,OK,73010,,GOOD DEED,L2-LS-CR-ID-REF-CREDIT-MVR-ABUSE-OIG-GLOBEX-FEDCRIM-FEDCIVIL-COUNTYCIVIL,"L2, DR, REF, CR, OIG+, LS, CVCTY, CVFED, CRFED, GLOBEX",,2/17/2018,,82607,2/17/2018,,2/17/1996,,,,
v78505 - c78740,1287,VVReg1 Sub Child 1-2,fLgdglHLarFoTwJ,GoodDeedCode,Ineligible,,,,No,GAT@sterlingts.com,9012121234,test address !@#$%^&*() ':`Line,test address !@#$%^&*() ':`Line,Test City,OK,73010,,GOOD DEED,L2-LS-CR-ID-REF-CREDIT-MVR-ABUSE-OIG-GLOBEX-FEDCRIM-FEDCIVIL-COUNTYCIVIL,"L2, DR, REF, CR, OIG+, LS, CVCTY, CVFED, CRFED, GLOBEX",,2/18/2018,2/19/2018,82629,2/18/2018,,2/18/1996,,,,
v78534 - c78760,1287,VVReg1 Sub Child 1-2,FPZbufUXClLlfyU,GoodDeedCode,Ineligible,,,,No,GAT@sterlingts.com,9012121234,test address !@#$%^&*() ':`Line,test address !@#$%^&*() ':`Line,Test City,OK,73010,,GOOD DEED,L2-LS-CR-ID-REF-CREDIT-MVR-ABUSE-OIG-GLOBEX-FEDCRIM-FEDCIVIL-COUNTYCIVIL,"L2, DR, REF, CR, OIG+, LS, CVCTY, CVFED, CRFED, GLOBEX",,2/19/2018,2/20/2018,82650,2/19/2018,,2/19/1996,,,,
v78575 - c78784,1287,VVReg1 Sub Child 1-2,GOmmCblhbBWJdoU,GoodDeedCode,Pending Review,,,,No,GAT@sterlingts.com,9012121234,test address !@#$%^&*() ':`Line,test address !@#$%^&*() ':`Line,Test City,OK,73010,,GOOD DEED,L2-LS-CR-ID-REF-CREDIT-MVR-ABUSE-OIG-GLOBEX-FEDCRIM-FEDCIVIL-COUNTYCIVIL,"L2, DR, REF, CR, OIG+, LS, CVCTY, CVFED, CRFED, GLOBEX",,2/20/2018,2/21/2018,82674,,,2/20/1996,,,,
v78652 - c78854,1287,VVReg1 Sub Child 1-2,ftvrBPsjFfxrjav,GoodDeedCode,Ineligible,,,,No,VV1Automation@sterlingts.com,9012121234,test address !@#$%^&*() ':`Line,test address !@#$%^&*() ':`Line,Test City,OK,73010,,GOOD DEED,L2-LS-CR-ID-REF-CREDIT-MVR-ABUSE-OIG-GLOBEX-FEDCRIM-FEDCIVIL-COUNTYCIVIL,"L2, DR, REF, CR, OIG+, LS, CVCTY, CVFED, CRFED, GLOBEX",,2/20/2018,2/21/2018,82745,2/20/2018,,2/20/1996,,,,
v78653 - c78855,1287,VVReg1 Sub Child 1-2,zWABbWRJuewbcoz,GoodDeedCode,Eligible,,,,No,VV1Automation@sterlingts.com,9012121234,test address !@#$%^&*() ':`Line,test address !@#$%^&*() ':`Line,Test City,OK,73010,,GOOD DEED,L1-ABUSE,"L1, ABUSE",,2/20/2018,2/21/2018,82746,2/20/2018,2/20/2018,2/20/1996,,,,
v78796 - c78990,1287,VVReg1 Sub Child 1-2,kICqPVlKgMvvizt,GoodDeedCode,Ineligible,,,,No,VV1Automation@sterlingts.com,9012121234,test address !@#$%^&*() ':`Line,test address !@#$%^&*() ':`Line,Test City,OK,73010,,GOOD DEED,L2-LS-CR-ID-REF-CREDIT-MVR-ABUSE-OIG-GLOBEX-FEDCRIM-FEDCIVIL-COUNTYCIVIL,"L2, DR, REF, CR, OIG+, LS, CVCTY, CVFED, CRFED, GLOBEX",,2/21/2018,,82890,2/21/2018,,2/21/1996,,,,
v78797 - c78991,1287,VVReg1 Sub Child 1-2,GQGTXWRGWGUcBtw,GoodDeedCode,Eligible,,,,No,VV1Automation@sterlingts.com,9012121234,test address !@#$%^&*() ':`Line,test address !@#$%^&*() ':`Line,Test City,OK,73010,,GOOD DEED,L1-ABUSE,"L1, ABUSE",,2/21/2018,,82891,2/21/2018,2/21/2018,2/21/1996,,,,
v78875 - c79060,1287,VVReg1 Sub Child 1-2,KCBiJsRWqvoPqXP,GoodDeedCode,Ineligible,,,,No,GAT@sterlingts.com,9012121234,test address !@#$%^&*() ':`Line,test address !@#$%^&*() ':`Line,Test City,OK,73010,,GOOD DEED,L2-LS-CR-ID-REF-CREDIT-MVR-ABUSE-OIG-GLOBEX-FEDCRIM-FEDCIVIL-COUNTYCIVIL,"L2, DR, REF, CR, OIG+, LS, CVCTY, CVFED, CRFED, GLOBEX",,2/22/2018,,82963,2/22/2018,,2/22/1996,,,,
v78916 - c79082,1287,VVReg1 Sub Child 1-2,sYjFzEZAwFWOKdV,GoodDeedCode,Ineligible,,,,No,GAT@sterlingts.com,9012121234,test address !@#$%^&*() ':`Line,test address !@#$%^&*() ':`Line,Test City,OK,73010,,GOOD DEED,L2-LS-CR-ID-REF-CREDIT-MVR-ABUSE-OIG-GLOBEX-FEDCRIM-FEDCIVIL-COUNTYCIVIL,"L2, DR, REF, CR, OIG+, LS, CVCTY, CVFED, CRFED, GLOBEX",,2/23/2018,2/24/2018,82986,2/23/2018,,2/23/1996,,,,
v78946 - c79103,1287,VVReg1 Sub Child 1-2,nLCMXwBcOpqhoFT,GoodDeedCode,Ineligible,,,,No,GAT@sterlingts.com,9012121234,test address !@#$%^&*() ':`Line,test address !@#$%^&*() ':`Line,Test City,OK,73010,,GOOD DEED,L2-LS-CR-ID-REF-CREDIT-MVR-ABUSE-OIG-GLOBEX-FEDCRIM-FEDCIVIL-COUNTYCIVIL,"L2, DR, REF, CR, OIG+, LS, CVCTY, CVFED, CRFED, GLOBEX",,2/24/2018,2/25/2018,83008,2/24/2018,,2/24/1996,,,,
v78975 - c79123,1287,VVReg1 Sub Child 1-2,cVjvxlzbxKxHRfS,GoodDeedCode,Ineligible,,,,No,GAT@sterlingts.com,9012121234,test address !@#$%^&*() ':`Line,test address !@#$%^&*() ':`Line,Test City,OK,73010,,GOOD DEED,L2-LS-CR-ID-REF-CREDIT-MVR-ABUSE-OIG-GLOBEX-FEDCRIM-FEDCIVIL-COUNTYCIVIL,"L2, DR, REF, CR, OIG+, LS, CVCTY, CVFED, CRFED, GLOBEX",,2/25/2018,2/26/2018,83029,2/25/2018,,2/25/1996,,,,
v79004 - c79143,1287,VVReg1 Sub Child 1-2,mkEvFyLzITOeqkD,GoodDeedCode,Ineligible,,,,No,GAT@sterlingts.com,9012121234,test address !@#$%^&*() ':`Line,test address !@#$%^&*() ':`Line,Test City,OK,73010,,GOOD DEED,L2-LS-CR-ID-REF-CREDIT-MVR-ABUSE-OIG-GLOBEX-FEDCRIM-FEDCIVIL-COUNTYCIVIL,"L2, DR, REF, CR, OIG+, LS, CVCTY, CVFED, CRFED, GLOBEX",,2/26/2018,2/27/2018,83050,2/26/2018,,2/26/1996,,,,
v79324 - c79515,1287,VVReg1 Sub Child 1-2,yrVIlrSYvuiGRWI,GoodDeedCode,Ineligible,,,,No,Paresh.Save@sterlingts.com,9012121234,test address !@#$%^&*() ':`Line,test address !@#$%^&*() ':`Line,Test City,OK,73010,,GOOD DEED,L2-LS-CR-ID-REF-CREDIT-MVR-ABUSE-OIG-GLOBEX-FEDCRIM-FEDCIVIL-COUNTYCIVIL,"L2, DR, REF, CR, OIG+, LS, CVCTY, CVFED, CRFED, GLOBEX",,3/21/2018,3/22/2018,83435,3/21/2018,,3/21/1996,,,,
v79356 - c79537,1287,VVReg1 Sub Child 1-2,RRblNNMZsAxfhFz,GoodDeedCode,Ineligible,,,,No,GAT@sterlingts.com,9012121234,test address !@#$%^&*() ':`Line,test address !@#$%^&*() ':`Line,Test City,OK,73010,,GOOD DEED,L2-LS-CR-ID-REF-CREDIT-MVR-ABUSE-OIG-GLOBEX-FEDCRIM-FEDCIVIL-COUNTYCIVIL,"L2, DR, REF, CR, OIG+, LS, CVCTY, CVFED, CRFED, GLOBEX",,3/22/2018,,83461,3/22/2018,,3/22/1996,,,,
v79390 - c79564,1287,VVReg1 Sub Child 1-2,pNHOeUrcfKaBWIr,GoodDeedCode,Ineligible,,,,No,GAT@sterlingts.com,9012121234,test address !@#$%^&*() ':`Line,test address !@#$%^&*() ':`Line,Test City,OK,73010,,GOOD DEED,L2-LS-CR-ID-REF-CREDIT-MVR-ABUSE-OIG-GLOBEX-FEDCRIM-FEDCIVIL-COUNTYCIVIL,"L2, DR, REF, CR, OIG+, LS, CVCTY, CVFED, CRFED, GLOBEX",,3/23/2018,3/24/2018,83490,3/23/2018,,3/23/1996,,,,
v79418 - c79585,1287,VVReg1 Sub Child 1-2,IGpCgPxMKGXQVYB,GoodDeedCode,Ineligible,,,,No,GAT@sterlingts.com,9012121234,test address !@#$%^&*() ':`Line,test address !@#$%^&*() ':`Line,Test City,OK,73010,,GOOD DEED,L2-LS-CR-ID-REF-CREDIT-MVR-ABUSE-OIG-GLOBEX-FEDCRIM-FEDCIVIL-COUNTYCIVIL,"L2, DR, REF, CR, OIG+, LS, CVCTY, CVFED, CRFED, GLOBEX",,3/24/2018,3/25/2018,83513,3/24/2018,,3/24/1996,,,,
v79446 - c79605,1287,VVReg1 Sub Child 1-2,QxRwDcQWaOtBQXS,GoodDeedCode,Ineligible,,,,No,GAT@sterlingts.com,9012121234,test address !@#$%^&*() ':`Line,test address !@#$%^&*() ':`Line,Test City,OK,73010,,GOOD DEED,L2-LS-CR-ID-REF-CREDIT-MVR-ABUSE-OIG-GLOBEX-FEDCRIM-FEDCIVIL-COUNTYCIVIL,"L2, DR, REF, CR, OIG+, LS, CVCTY, CVFED, CRFED, GLOBEX",,3/25/2018,3/26/2018,83534,3/25/2018,,3/25/1996,,,,
v79475 - c79625,1287,VVReg1 Sub Child 1-2,kemmEZGysPXTgZk,GoodDeedCode,Ineligible,,,,No,GAT@sterlingts.com,9012121234,test address !@#$%^&*() ':`Line,test address !@#$%^&*() ':`Line,Test City,OK,73010,,GOOD DEED,L2-LS-CR-ID-REF-CREDIT-MVR-ABUSE-OIG-GLOBEX-FEDCRIM-FEDCIVIL-COUNTYCIVIL,"L2, DR, REF, CR, OIG+, LS, CVCTY, CVFED, CRFED, GLOBEX",,3/26/2018,3/27/2018,83555,3/26/2018,,3/26/1996,,,,
v79551 - c79707,1287,VVReg1 Sub Child 1-2,CimCCsEakGRqdgw,GoodDeedCode,Pending Review,,,,No,GAT@sterlingts.com,9012121234,test address !@#$%^&*() ':`Line,test address !@#$%^&*() ':`Line,Test City,OK,73010,,GOOD DEED,L2-LS-CR-ID-REF-CREDIT-MVR-ABUSE-OIG-GLOBEX-FEDCRIM-FEDCIVIL-COUNTYCIVIL,"L2, DR, REF, CR, OIG+, LS, CVCTY, CVFED, CRFED, GLOBEX",,4/3/2018,4/4/2018,83626,,,4/3/1996,,,,
v79589 - c79741,1287,VVReg1 Sub Child 1-2,LKAwgsVGxgzPYBG,GoodDeedCode,Pending Review,,,,No,GAT@sterlingts.com,9012121234,test address !@#$%^&*() ':`Line,test address !@#$%^&*() ':`Line,Test City,OK,73010,,GOOD DEED,L2-LS-CR-ID-REF-CREDIT-MVR-ABUSE-OIG-GLOBEX-FEDCRIM-FEDCIVIL-COUNTYCIVIL,"L2, DR, REF, CR, OIG+, LS, CVCTY, CVFED, CRFED, GLOBEX",,4/4/2018,4/5/2018,83663,,,4/4/1996,,,,
v79711 - c79863,1287,VVReg1 Sub Child 1-2,mupWNTtdQQDiGMZ,GoodDeedCode,Ineligible,,,,No,VVAutomation@sterlingts.com,9012121234,test address !@#$%^&*() ':`Line,test address !@#$%^&*() ':`Line,Test City,OK,73010,,GOOD DEED,L2-LS-CR-ID-REF-CREDIT-MVR-ABUSE-OIG-GLOBEX-FEDCRIM-FEDCIVIL-COUNTYCIVIL,"L2, DR, REF, CR, OIG+, LS, CVCTY, CVFED, CRFED, GLOBEX",,4/4/2018,4/5/2018,83784,4/4/2018,,4/4/1996,,,,
v79712 - c79864,1287,VVReg1 Sub Child 1-2,XgADWtELnkhhDmB,GoodDeedCode,Eligible,,,,No,VVAutomation@sterlingts.com,9012121234,test address !@#$%^&*() ':`Line,test address !@#$%^&*() ':`Line,Test City,OK,73010,,GOOD DEED,L1-ABUSE,"L1, ABUSE",,4/4/2018,4/5/2018,83785,4/4/2018,4/4/2018,4/4/1996,,,,
v79743 - c79886,1287,VVReg1 Sub Child 1-2,eHgRTDVuBmYeInc,GoodDeedCode,Ineligible,,,,No,GAT@sterlingts.com,9012121234,test address !@#$%^&*() ':`Line,test address !@#$%^&*() ':`Line,Test City,OK,73010,,GOOD DEED,L2-LS-CR-ID-REF-CREDIT-MVR-ABUSE-OIG-GLOBEX-FEDCRIM-FEDCIVIL-COUNTYCIVIL,"L2, DR, REF, CR, OIG+, LS, CVCTY, CVFED, CRFED, GLOBEX",,4/5/2018,4/6/2018,83807,4/5/2018,,4/5/1996,,,,
v79833 - c79974,1287,VVReg1 Sub Child 1-2,YHIrFnUPNsHnZqy,GoodDeedCode,Ineligible,,,,No,GAT@sterlingts.com,9012121234,test address !@#$%^&*() ':`Line,test address !@#$%^&*() ':`Line,Test City,OK,73010,,GOOD DEED,L2-LS-CR-ID-REF-CREDIT-MVR-ABUSE-OIG-GLOBEX-FEDCRIM-FEDCIVIL-COUNTYCIVIL,"L2, DR, REF, CR, OIG+, LS, CVCTY, CVFED, CRFED, GLOBEX",,4/6/2018,,83903,4/6/2018,,4/6/1996,,,,
v79923 - c80059,1287,VVReg1 Sub Child 1-2,kkXMsJCUniyuOuW,GoodDeedCode,Ineligible,,,,No,GAT@sterlingts.com,9012121234,test address !@#$%^&*() ':`Line,test address !@#$%^&*() ':`Line,Test City,OK,73010,,GOOD DEED,L2-LS-CR-ID-REF-CREDIT-MVR-ABUSE-OIG-GLOBEX-FEDCRIM-FEDCIVIL-COUNTYCIVIL,"L2, DR, REF, CR, OIG+, LS, CVCTY, CVFED, CRFED, GLOBEX",,4/7/2018,4/8/2018,83991,4/7/2018,,4/7/1996,,,,
v79992 - c80111,1287,VVReg1 Sub Child 1-2,FCcRPUsXpmbHybT,GoodDeedCode,Ineligible,,,,No,GAT@sterlingts.com,9012121234,test address !@#$%^&*() ':`Line,test address !@#$%^&*() ':`Line,Test City,OK,73010,,GOOD DEED,L2-LS-CR-ID-REF-CREDIT-MVR-ABUSE-OIG-GLOBEX-FEDCRIM-FEDCIVIL-COUNTYCIVIL,"L2, DR, REF, CR, OIG+, LS, CVCTY, CVFED, CRFED, GLOBEX",,4/10/2018,4/11/2018,84048,4/10/2018,,4/10/1996,,,,
v80064 - c80155,1287,VVReg1 Sub Child 1-2,RdZTNcfPkUsEAJI,GoodDeedCode,Ineligible,,,,No,GAT@sterlingts.com,9012121234,test address !@#$%^&*() ':`Line,test address !@#$%^&*() ':`Line,Test City,OK,73010,,GOOD DEED,L2-LS-CR-ID-REF-CREDIT-MVR-ABUSE-OIG-GLOBEX-FEDCRIM-FEDCIVIL-COUNTYCIVIL,"L2, DR, REF, CR, OIG+, LS, CVCTY, CVFED, CRFED, GLOBEX",,4/25/2018,,84100,4/25/2018,,4/25/1996,,,,
v80099 - c80181,1287,VVReg1 Sub Child 1-2,rKsoPqlNovIZTqb,GoodDeedCode,Ineligible,,,,No,GAT@sterlingts.com,9012121234,test address !@#$%^&*() ':`Line,test address !@#$%^&*() ':`Line,Test City,OK,73010,,GOOD DEED,L2-LS-CR-ID-REF-CREDIT-MVR-ABUSE-OIG-GLOBEX-FEDCRIM-FEDCIVIL-COUNTYCIVIL,"L2, DR, REF, CR, OIG+, LS, CVCTY, CVFED, CRFED, GLOBEX",,4/26/2018,,84128,4/26/2018,,4/26/1996,,,,
v80136 - c80210,1287,VVReg1 Sub Child 1-2,mqbGNmKkrWRVzmB,GoodDeedCode,Ineligible,,,,No,GAT@sterlingts.com,9012121234,test address !@#$%^&*() ':`Line,test address !@#$%^&*() ':`Line,Test City,OK,73010,,GOOD DEED,L2-LS-CR-ID-REF-CREDIT-MVR-ABUSE-OIG-GLOBEX-FEDCRIM-FEDCIVIL-COUNTYCIVIL,"L2, DR, REF, CR, OIG+, LS, CVCTY, CVFED, CRFED, GLOBEX",,4/27/2018,,84165,4/27/2018,,4/27/1996,,,,
v80179 - c80241,1287,VVReg1 Sub Child 1-2,hhKuRIoJuqVDlif,GoodDeedCode,Ineligible,,,,No,GAT@sterlingts.com,9012121234,test address !@#$%^&*() ':`Line,test address !@#$%^&*() ':`Line,Test City,OK,73010,,GOOD DEED,L2-LS-CR-ID-REF-CREDIT-MVR-ABUSE-OIG-GLOBEX-FEDCRIM-FEDCIVIL-COUNTYCIVIL,"L2, DR, REF, CR, OIG+, LS, CVCTY, CVFED, CRFED, GLOBEX",,4/28/2018,4/29/2018,84200,4/28/2018,,4/28/1996,,,,
v80207 - c80260,1287,VVReg1 Sub Child 1-2,DjURgpPmkltMDZK,GoodDeedCode,Ineligible,,,,No,GAT@sterlingts.com,9012121234,test address !@#$%^&*() ':`Line,test address !@#$%^&*() ':`Line,Test City,OK,73010,,GOOD DEED,L2-LS-CR-ID-REF-CREDIT-MVR-ABUSE-OIG-GLOBEX-FEDCRIM-FEDCIVIL-COUNTYCIVIL,"L2, DR, REF, CR, OIG+, LS, CVCTY, CVFED, CRFED, GLOBEX",,4/29/2018,4/30/2018,84220,4/29/2018,,4/29/1996,,,,
v80235 - c80279,1287,VVReg1 Sub Child 1-2,TvncYdDakCfvoJa,GoodDeedCode,Ineligible,,,,No,GAT@sterlingts.com,9012121234,test address !@#$%^&*() ':`Line,test address !@#$%^&*() ':`Line,Test City,OK,73010,,GOOD DEED,L2-LS-CR-ID-REF-CREDIT-MVR-ABUSE-OIG-GLOBEX-FEDCRIM-FEDCIVIL-COUNTYCIVIL,"L2, DR, REF, CR, OIG+, LS, CVCTY, CVFED, CRFED, GLOBEX",,4/30/2018,,84240,4/30/2018,,4/30/1996,,,,
v80266 - c80303,1287,VVReg1 Sub Child 1-2,nOJlpMryJdzJOtr,GoodDeedCode,Ineligible,,,,No,GAT@sterlingts.com,9012121234,test address !@#$%^&*() ':`Line,test address !@#$%^&*() ':`Line,Test City,OK,73010,,GOOD DEED,L2-LS-CR-ID-REF-CREDIT-MVR-ABUSE-OIG-GLOBEX-FEDCRIM-FEDCIVIL-COUNTYCIVIL,"L2, DR, REF, CR, OIG+, LS, CVCTY, CVFED, CRFED, GLOBEX",,5/1/2018,5/2/2018,84266,5/1/2018,,5/1/1996,,,,
v80296 - c80325,1287,VVReg1 Sub Child 1-2,DLcsbjgTwJOghFT,GoodDeedCode,Ineligible,,,,No,GAT@sterlingts.com,9012121234,test address !@#$%^&*() ':`Line,test address !@#$%^&*() ':`Line,Test City,OK,73010,,GOOD DEED,L2-LS-CR-ID-REF-CREDIT-MVR-ABUSE-OIG-GLOBEX-FEDCRIM-FEDCIVIL-COUNTYCIVIL,"L2, DR, REF, CR, OIG+, LS, CVCTY, CVFED, CRFED, GLOBEX",,5/2/2018,5/3/2018,84294,5/2/2018,,5/2/1996,,,,
v80334 - c80354,1287,VVReg1 Sub Child 1-2,rhebHrgASpGYHPX,GoodDeedCode,Ineligible,,,,No,GAT@sterlingts.com,9012121234,test address !@#$%^&*() ':`Line,test address !@#$%^&*() ':`Line,Test City,OK,73010,,GOOD DEED,L2-LS-CR-ID-REF-CREDIT-MVR-ABUSE-OIG-GLOBEX-FEDCRIM-FEDCIVIL-COUNTYCIVIL,"L2, DR, REF, CR, OIG+, LS, CVCTY, CVFED, CRFED, GLOBEX",,5/3/2018,,84324,5/3/2018,,5/3/1996,,,,
v80366 - c80376,1287,VVReg1 Sub Child 1-2,gFsxCQxEiiRUIAD,GoodDeedCode,Ineligible,,,,No,GAT@sterlingts.com,9012121234,test address !@#$%^&*() ':`Line,test address !@#$%^&*() ':`Line,Test City,OK,73010,,GOOD DEED,L2-LS-CR-ID-REF-CREDIT-MVR-ABUSE-OIG-GLOBEX-FEDCRIM-FEDCIVIL-COUNTYCIVIL,"L2, DR, REF, CR, OIG+, LS, CVCTY, CVFED, CRFED, GLOBEX",,5/4/2018,5/5/2018,84347,5/4/2018,,5/4/1996,,,,
v80595 - c80563,1287,VVReg1 Sub Child 1-2,XlxzVEvJxeMlkcO,GoodDeedCode,Ineligible,,,,No,VVAutomation@sterlingts.com,9012121234,test address !@#$%^&*() ':`Line,test address !@#$%^&*() ':`Line,Test City,OK,73010,,GOOD DEED,L2-LS-CR-ID-REF-CREDIT-MVR-ABUSE-OIG-GLOBEX-FEDCRIM-FEDCIVIL-COUNTYCIVIL,"L2, DR, REF, CR, OIG+, LS, CVCTY, CVFED, CRFED, GLOBEX",,5/8/2018,5/9/2018,84533,5/8/2018,,5/8/1996,,,,
v80596 - c80564,1287,VVReg1 Sub Child 1-2,mwvHeFLrcPMVdZQ,GoodDeedCode,Eligible,,,,No,VVAutomation@sterlingts.com,9012121234,test address !@#$%^&*() ':`Line,test address !@#$%^&*() ':`Line,Test City,OK,73010,,GOOD DEED,L1-ABUSE,"L1, ABUSE",,5/8/2018,5/9/2018,84534,5/8/2018,5/8/2018,5/8/1996,,,,
v80624 - c80581,1287,VVReg1 Sub Child 1-2,TvWpXpZkdDTaUWa,GoodDeedCode,Ineligible,,,,No,GAT@sterlingts.com,9012121234,test address !@#$%^&*() ':`Line,test address !@#$%^&*() ':`Line,Test City,OK,73010,,GOOD DEED,L2-LS-CR-ID-REF-CREDIT-MVR-ABUSE-OIG-GLOBEX-FEDCRIM-FEDCIVIL-COUNTYCIVIL,"L2, DR, REF, CR, OIG+, LS, CVCTY, CVFED, CRFED, GLOBEX",,5/9/2018,5/10/2018,84552,5/9/2018,,5/9/1996,,,,
v80870 - c80784,1287,VVReg1 Sub Child 1-2,nnEtwqZFuMuhjxZ,GoodDeedCode,Ineligible,,,,No,VVAutomation@sterlingts.com,9012121234,test address !@#$%^&*() ':`Line,test address !@#$%^&*() ':`Line,Test City,OK,73010,,GOOD DEED,L2-LS-CR-ID-REF-CREDIT-MVR-ABUSE-OIG-GLOBEX-FEDCRIM-FEDCIVIL-COUNTYCIVIL,"L2, DR, REF, CR, OIG+, LS, CVCTY, CVFED, CRFED, GLOBEX",,5/15/2018,,84800,5/15/2018,,5/15/1996,,,,
v80871 - c80785,1287,VVReg1 Sub Child 1-2,dOIBTeYIChMLpPK,GoodDeedCode,Pending Review,,,,No,VVAutomation@sterlingts.com,9012121234,test address !@#$%^&*() ':`Line,test address !@#$%^&*() ':`Line,Test City,OK,73010,,GOOD DEED,L1-ABUSE,"L1, ABUSE",,5/15/2018,,84801,,,5/15/1996,,,,
v80902 - c80809,1287,VVReg1 Sub Child 1-2,ImBLxWrPZFmkVhL,GoodDeedCode,Background Check Pending,,,,No,GAT@sterlingts.com,9012121234,test address !@#$%^&*() ':`Line,test address !@#$%^&*() ':`Line,Test City,OK,73010,,GOOD DEED,L2-LS-CR-ID-REF-CREDIT-MVR-ABUSE-OIG-GLOBEX-FEDCRIM-FEDCIVIL-COUNTYCIVIL,"L2, DR, REF, CR, OIG+, LS, CVCTY, CVFED, CRFED, GLOBEX",,5/17/2018,,84825,,,5/17/1996,,,,
v81039 - c80937,1287,VVReg1 Sub Child 1-2,CYdKevgOsoIdyhD,GoodDeedCode,Ineligible,,,,No,VVAutomation@sterlingts.com,9012121234,test address !@#$%^&*() ':`Line,test address !@#$%^&*() ':`Line,Test City,OK,73010,,GOOD DEED,L2-LS-CR-ID-REF-CREDIT-MVR-ABUSE-OIG-GLOBEX-FEDCRIM-FEDCIVIL-COUNTYCIVIL,"L2, DR, REF, CR, OIG+, LS, CVCTY, CVFED, CRFED, GLOBEX",,5/17/2018,,84963,5/17/2018,,5/17/1996,,,,
v81040 - c80938,1287,VVReg1 Sub Child 1-2,kndxsKPZWZgFWuR,GoodDeedCode,Pending Review,,,,No,VVAutomation@sterlingts.com,9012121234,test address !@#$%^&*() ':`Line,test address !@#$%^&*() ':`Line,Test City,OK,73010,,GOOD DEED,L1-ABUSE,"L1, ABUSE",,5/17/2018,,84964,,,5/17/1996,,,,
v81069 - c80958,1287,VVReg1 Sub Child 1-2,OMIjqspbOsXNSso,GoodDeedCode,Ineligible,,,,No,GAT@sterlingts.com,9012121234,test address !@#$%^&*() ':`Line,test address !@#$%^&*() ':`Line,Test City,OK,73010,,GOOD DEED,L2-LS-CR-ID-REF-CREDIT-MVR-ABUSE-OIG-GLOBEX-FEDCRIM-FEDCIVIL-COUNTYCIVIL,"L2, DR, REF, CR, OIG+, LS, CVCTY, CVFED, CRFED, GLOBEX",,5/18/2018,5/19/2018,84985,5/18/2018,,5/18/1996,,,,
v81101 - c80988,1287,VVReg1 Sub Child 1-2,qnGpQKakvtzvLts,GoodDeedCode,Pending Review,,,,No,VVAutomation@sterlingts.com,9012121234,test address !@#$%^&*() ':`Line,test address !@#$%^&*() ':`Line,Test City,OK,73010,,GOOD DEED,L1-ABUSE,"L1, ABUSE",,5/18/2018,5/19/2018,85026,,,5/18/1996,,,,
v81130 - c81013,1287,VVReg1 Sub Child 1-2,qVtmjKJqwYgLrVu,GoodDeedCode,Pending Review,,,,No,VVAutomation@sterlingts.com,9012121234,test address !@#$%^&*() ':`Line,test address !@#$%^&*() ':`Line,Test City,OK,73010,,GOOD DEED,L1-ABUSE,"L1, ABUSE",,5/18/2018,5/19/2018,85063,,,5/18/1996,,,,
v81160 - c81034,1287,VVReg1 Sub Child 1-2,PUWzgtNDgddRKdm,GoodDeedCode,Ineligible,,,,No,GAT@sterlingts.com,9012121234,test address !@#$%^&*() ':`Line,test address !@#$%^&*() ':`Line,Test City,OK,73010,,GOOD DEED,L2-LS-CR-ID-REF-CREDIT-MVR-ABUSE-OIG-GLOBEX-FEDCRIM-FEDCIVIL-COUNTYCIVIL,"L2, DR, REF, CR, OIG+, LS, CVCTY, CVFED, CRFED, GLOBEX",,5/21/2018,5/22/2018,85085,5/21/2018,,5/21/1996,,,,
v81196 - c81057,1287,VVReg1 Sub Child 1-2,GOtFyduDMBCxdcN,GoodDeedCode,Ineligible,,,,No,GAT@sterlingts.com,9012121234,test address !@#$%^&*() ':`Line,test address !@#$%^&*() ':`Line,Test City,OK,73010,,GOOD DEED,L2-LS-CR-ID-REF-CREDIT-MVR-ABUSE-OIG-GLOBEX-FEDCRIM-FEDCIVIL-COUNTYCIVIL,"L2, DR, REF, CR, OIG+, LS, CVCTY, CVFED, CRFED, GLOBEX",,5/22/2018,,85110,5/22/2018,,5/22/1996,,,,
v81476 - c81387,1287,VVReg1 Sub Child 1-2,NjpgCPLMHYiRhgy,GoodDeedCode,Pending Review,,,,No,VVAutomation@sterlingts.com,9012121234,test address !@#$%^&*() ':`Line,test address !@#$%^&*() ':`Line,Test City,OK,73010,,GOOD DEED,L1-ABUSE,"L1, ABUSE",,6/26/2018,6/27/2018,85440,,,6/26/1996,,,,
v81644 - c81580,1287,VVReg1 Sub Child 1-2,JMUpFIpGEJHsuwa,GoodDeedCode,Ineligible,,,,No,VVAutomation@sterlingts.com,9012121234,test address !@#$%^&*() ':`Line,test address !@#$%^&*() ':`Line,Test City,OK,73010,,GOOD DEED,L2-LS-CR-ID-REF-CREDIT-MVR-ABUSE-OIG-GLOBEX-FEDCRIM-FEDCIVIL-COUNTYCIVIL,"L2, DR, REF, CR, OIG+, LS, CVCTY, CVFED, CRFED, GLOBEX",,6/28/2018,6/29/2018,85640,6/28/2018,,6/28/1996,,,,
v81645 - c81581,1287,VVReg1 Sub Child 1-2,NxBjwevLglLdpag,GoodDeedCode,Eligible,,,,No,VVAutomation@sterlingts.com,9012121234,test address !@#$%^&*() ':`Line,test address !@#$%^&*() ':`Line,Test City,OK,73010,,GOOD DEED,L1-ABUSE,"L1, ABUSE",,6/28/2018,6/29/2018,85641,6/28/2018,6/28/2018,6/28/1996,,,,
v81667 - c81600,1287,VVReg1 Sub Child 1-2,nkmgzUsCfxqfHXz,GoodDeedCode,Ineligible,,,,No,vvautomation@sterlingts.com,9012121234,test address !@#$%^&*() ':`Line,test address !@#$%^&*() ':`Line,Test City,OK,73010,,GOOD DEED,L2-LS-CR-ID-REF-CREDIT-MVR-ABUSE-OIG-GLOBEX-FEDCRIM-FEDCIVIL-COUNTYCIVIL,"L2, DR, REF, CR, OIG+, LS, CVCTY, CVFED, CRFED, GLOBEX",,6/29/2018,6/30/2018,85660,6/29/2018,,6/29/1996,,,,
v81735 - c81664,1287,VVReg1 Sub Child 1-2,WBSQOdxAtDpGhZr,GoodDeedCode,Ineligible,,,,No,VVAutomation@sterlingts.com,9012121234,test address !@#$%^&*() ':`Line,test address !@#$%^&*() ':`Line,Test City,OK,73010,,GOOD DEED,L2-LS-CR-ID-REF-CREDIT-MVR-ABUSE-OIG-GLOBEX-FEDCRIM-FEDCIVIL-COUNTYCIVIL,"L2, DR, REF, CR, OIG+, LS, CVCTY, CVFED, CRFED, GLOBEX",,6/29/2018,6/30/2018,85725,6/29/2018,,6/29/1996,,,,
v81736 - c81665,1287,VVReg1 Sub Child 1-2,zOHiyRKsZbHxGHV,GoodDeedCode,Eligible,,,,No,VVAutomation@sterlingts.com,9012121234,test address !@#$%^&*() ':`Line,test address !@#$%^&*() ':`Line,Test City,OK,73010,,GOOD DEED,L1-ABUSE,"L1, ABUSE",,6/29/2018,6/30/2018,85726,6/29/2018,6/29/2018,6/29/1996,,,,
v81751 - c81678,1287,VVReg1 Sub Child 1-2,wKPdrLbQITMvUCB,GoodDeedCode,Ineligible,,,,No,Paresh.Save@sterlingts.com,9012121234,test address !@#$%^&*() ':`Line,test address !@#$%^&*() ':`Line,Test City,OK,73010,,GOOD DEED,L2-LS-CR-ID-REF-CREDIT-MVR-ABUSE-OIG-GLOBEX-FEDCRIM-FEDCIVIL-COUNTYCIVIL,"L2, DR, REF, CR, OIG+, LS, CVCTY, CVFED, CRFED, GLOBEX",,6/29/2018,6/30/2018,85740,6/29/2018,,6/29/1996,,,,
v81753 - c81681,1287,VVReg1 Sub Child 1-2,PiVDXrIdzxFbHND,GoodDeedCode,Eligible,,,,No,Paresh.Save@sterlingts.com,9012121234,test address !@#$%^&*() ':`Line,test address !@#$%^&*() ':`Line,Test City,OK,73010,,GOOD DEED,L1-ABUSE,"L1, ABUSE",,6/29/2018,6/30/2018,85742,6/29/2018,6/29/2018,6/29/1996,,,,
v81884 - c81807,1287,VVReg1 Sub Child 1-2,LpLwhSTZmIMQukL,GoodDeedCode,Ineligible,,,,No,VVAutomation@sterlingts.com,9012121234,test address !@#$%^&*() ':`Line,test address !@#$%^&*() ':`Line,Test City,OK,73010,,GOOD DEED,L2-LS-CR-ID-REF-CREDIT-MVR-ABUSE-OIG-GLOBEX-FEDCRIM-FEDCIVIL-COUNTYCIVIL,"L2, DR, REF, CR, OIG+, LS, CVCTY, CVFED, CRFED, GLOBEX",,6/29/2018,6/30/2018,85869,6/29/2018,,6/29/1996,,,,
v81885 - c81808,1287,VVReg1 Sub Child 1-2,zottPbjfJHnSqsU,GoodDeedCode,Eligible,,,,No,VVAutomation@sterlingts.com,9012121234,test address !@#$%^&*() ':`Line,test address !@#$%^&*() ':`Line,Test City,OK,73010,,GOOD DEED,L1-ABUSE,"L1, ABUSE",,6/29/2018,6/30/2018,85870,6/29/2018,6/29/2018,6/29/1996,,,,
v81912 - c81827,1287,VVReg1 Sub Child 1-2,FiurjDJOOMSkcex,GoodDeedCode,Ineligible,,,,No,vvautomation@sterlingts.com,9012121234,test address !@#$%^&*() ':`Line,test address !@#$%^&*() ':`Line,Test City,OK,73010,,GOOD DEED,L2-LS-CR-ID-REF-CREDIT-MVR-ABUSE-OIG-GLOBEX-FEDCRIM-FEDCIVIL-COUNTYCIVIL,"L2, DR, REF, CR, OIG+, LS, CVCTY, CVFED, CRFED, GLOBEX",,6/30/2018,7/1/2018,85890,6/30/2018,,6/30/1996,,,,
v81940 - c81847,1287,VVReg1 Sub Child 1-2,HtXHmDOwiPCTgbT,GoodDeedCode,Ineligible,,,,No,vvautomation@sterlingts.com,9012121234,test address !@#$%^&*() ':`Line,test address !@#$%^&*() ':`Line,Test City,OK,73010,,GOOD DEED,L2-LS-CR-ID-REF-CREDIT-MVR-ABUSE-OIG-GLOBEX-FEDCRIM-FEDCIVIL-COUNTYCIVIL,"L2, DR, REF, CR, OIG+, LS, CVCTY, CVFED, CRFED, GLOBEX",,7/1/2018,,85910,7/1/2018,,7/1/1996,,,,
v81967 - c81866,1287,VVReg1 Sub Child 1-2,qKpnkNmmpZMjeEQ,GoodDeedCode,Ineligible,,,,No,vvautomation@sterlingts.com,9012121234,test address !@#$%^&*() ':`Line,test address !@#$%^&*() ':`Line,Test City,OK,73010,,GOOD DEED,L2-LS-CR-ID-REF-CREDIT-MVR-ABUSE-OIG-GLOBEX-FEDCRIM-FEDCIVIL-COUNTYCIVIL,"L2, DR, REF, CR, OIG+, LS, CVCTY, CVFED, CRFED, GLOBEX",,7/2/2018,,85930,7/2/2018,,7/2/1996,,,,
