FirstName,LastName,Email,Order Date ,Phone,Address 1,Address 2,City,State,Zip,Extra 1,Extra 2,Extra 3,Volunteer Since
fname,lname,shivam.agrawal@sterlingbackcheck.com,,9087654321,Address Line 1 for CBSV,Apt #103,City of Residence,FL,32007,,,,
fname,lname,shivam.agrawal@sterlingbackcheck.com,,1234567890,Address 1,Apt #103,Memphis,TN,38125,,,,
fname,lname,shivam.agrawal@yahoo.production,,1234567890,Address 1,Apt #103,Memphis,TN,38125,,,,
fname,lname,shivam.agrawal@yahoo.management,,1234567890,Address 1,Apt #103,Memphis,TN,38125,,,,
fname,lname,shivam.agrawal@yahoo.technology,,1234567890,Address 1,Apt #103,Memphis,TN,38125,,,,
fname,lname,shivam.agrawal@yahoo.education,,1234567890,Address 1,Apt #103,Memphis,TN,38125,,,,
fname,lname,shivam.agrawal@1.com,,1234567890,Address 1,Apt #103,Memphis,TN,38125,,,,
fname,lname,shivam.agrawal@yahoo.co.in,,1234567890,Address 1,Apt #103,Memphis,TN,38125,,,,
,lname,shivam.agrawal@sterlingbackcheck.com,,1234567890,Address 1,Apt #103,Memphis,TN,38125,,,,
$hivam Shivam Shivam'Shivam-Sh,lname,shivam.agrawal@sterlingbackcheck.com,,1234567890,Address 1,Apt #103,Memphis,TN,38125,,,,
Shivam Shivam Shivam'Shivam-34,lname,shivam.agrawal@sterlingbackcheck.com,,1234567890,Address 1,Apt #103,Memphis,TN,38125,,,,
Shivam Shivam Shivam'Shivam-Shivam Shivam Limit Exceeded,lname,shivam.agrawal@sterlingbackcheck.com,,1234567890,Address 1,Apt #103,Memphis,TN,38125,,,,
fname,,shivam.agrawal@sterlingbackcheck.com,,1234567890,Address 1,Apt #103,Memphis,TN,38125,,,,
fname,iPhone iPhone iPhone iPhone iPhone iPhone iPhone iPhone iPhone iPhone iPhone iPhone iPhone iPhone ,shivam.agrawal@sterlingbackcheck.com,,1234567890,Address 1,Apt #103,Memphis,TN,38125,,,,
fname,iPhone-iPhone'iPhone-iPhone iPhone2iPhon,shivam.agrawal@sterlingbackcheck.com,,1234567890,Address 1,Apt #103,Memphis,TN,38125,,,,
fname,iPhone-iPhone$iPhone-iPhone iPhoneiPhon,shivam.agrawal@sterlingbackcheck.com,,1234567890,Address 1,Apt #103,Memphis,TN,38125,,,,
fname,iPhone-iPhone @Phone-iPhone iPhoneiPhon,shivam.agrawal@sterlingbackcheck.com,,1234567890,Address 1,Apt #103,Memphis,TN,38125,,,,
fname,lname,,,1234567890,Address 1,Apt #103,Memphis,TN,38125,,,,
fname,iPhone,shivam.agrawalsterlingbackcheck.com,,1234567890,Address 1,Apt #103,Memphis,TN,38125,,,,
fname,iPhone,shivamagrawal@sterlingbackcheck,,1234567890,Address 1,Apt #103,Memphis,TN,38125,,,,
test,test,shivam.agrawal@sterlingbackcheck.com,,9087654321,Address Line 1 for CBSV,Apt #103,City of Residence,FL,32007,,,,
